,movie_name,genre,year,timeMin,imdb,metascore,votes,us_grossMillions
0,The Gentlemen,"Action, Comedy, Crime            ",2019,113,8.0,51.0,103248,69.04371293001178
1,Once Upon a Time... in Hollywood,"Comedy, Drama            ",2019,161,7.7,83.0,439202,142.5
2,Parasite,"Comedy, Drama, Thriller            ",2019,132,8.6,96.0,367763,53.37
3,Knives Out,"Comedy, Crime, Drama            ",2019,131,8.0,82.0,272176,165.36
4,1917,"Drama, War            ",2019,119,8.4,78.0,278731,159.23
5,The Ten Commandments,"Adventure, Drama            ",1956,220,7.8,77.51137724550898,60668,93.74
6,Little Women,"Drama, Romance            ",2019,135,7.9,91.0,92139,108.1
7,Avengers: Endgame,"Action, Adventure, Drama            ",2019,181,8.4,78.0,697863,858.37
8,Joker,"Crime, Drama, Thriller            ",2019,122,8.5,59.0,754563,335.45
9,The Shawshank Redemption,Drama            ,1994,142,9.3,80.0,2220730,28.34
10,Jojo Rabbit,"Comedy, Drama, War            ",2019,108,7.9,58.0,193100,0.35
11,Ford v Ferrari,"Action, Biography, Drama            ",2019,152,8.1,81.0,197710,117.62
12,The Godfather,"Crime, Drama            ",1972,175,9.2,100.0,1530221,134.97
13,Inception,"Action, Adventure, Sci-Fi            ",2010,148,8.8,74.0,1947364,292.58
14,The Irishman,"Biography, Crime, Drama            ",2019,209,7.9,94.0,276010,69.04371293001178
15,Harry Potter and the Sorcerer's Stone,"Adventure, Family, Fantasy            ",2001,152,7.6,64.0,604887,317.58
16,The Perks of Being a Wallflower,"Drama, Romance            ",2012,103,8.0,67.0,440495,17.74
17,Interstellar,"Adventure, Drama, Sci-Fi            ",2014,169,8.6,74.0,1398665,188.02
18,The Dark Knight,"Action, Crime, Drama            ",2008,152,9.0,84.0,2196122,534.86
19,Mad Max: Fury Road,"Action, Adventure, Sci-Fi            ",2015,120,8.1,90.0,831569,154.06
20,Call Me by Your Name,"Drama, Romance            ",2017,132,7.9,93.0,185451,18.1
21,Road to Perdition,"Crime, Drama, Thriller            ",2002,117,7.7,72.0,237496,104.45
22,Pulp Fiction,"Crime, Drama            ",1994,154,8.9,94.0,1742458,107.93
23,The Lighthouse,"Drama, Fantasy, Horror            ",2019,109,7.6,83.0,92992,0.43
24,Raiders of the Lost Ark,"Action, Adventure            ",1981,115,8.4,85.0,848656,248.16
25,The Lord of the Rings: The Fellowship of the Ring,"Action, Adventure, Drama            ",2001,178,8.8,92.0,1586748,315.54
26,Portrait of a Lady on Fire,"Drama, Romance            ",2019,122,8.2,95.0,30679,69.04371293001178
27,Toy Story 4,"Animation, Adventure, Comedy            ",2019,100,7.8,84.0,173358,434.04
28,Goodfellas,"Biography, Crime, Drama            ",1990,146,8.7,90.0,966567,46.84
29,Blade Runner 2049,"Action, Drama, Mystery            ",2017,164,8.0,81.0,423894,92.05
30,Green Book,"Biography, Comedy, Drama            ",2018,130,8.2,69.0,311218,85.08
31,Avengers: Infinity War,"Action, Adventure, Sci-Fi            ",2018,149,8.5,68.0,763162,678.82
32,The Social Network,"Biography, Drama            ",2010,120,7.7,95.0,594667,96.96
33,The Dark Knight Rises,"Action, Adventure            ",2012,164,8.4,78.0,1452944,448.14
34,Inglourious Basterds,"Adventure, Drama, War            ",2009,153,8.3,69.0,1198697,120.54
35,Thor: Ragnarok,"Action, Adventure, Comedy            ",2017,130,7.9,74.0,543360,315.06
36,Fight Club,Drama            ,1999,139,8.8,66.0,1770485,37.03
37,The Wolf of Wall Street,"Biography, Crime, Drama            ",2013,180,8.2,75.0,1105999,116.9
38,Titanic,"Drama, Romance            ",1997,194,7.8,75.0,1002806,659.33
39,Aliens,"Action, Adventure, Sci-Fi            ",1986,137,8.3,84.0,627331,85.16
40,Casino Royale,"Action, Adventure, Thriller            ",2006,144,8.0,80.0,561157,167.45
41,Forrest Gump,"Drama, Romance            ",1994,142,8.8,82.0,1713406,330.25
42,Gone Girl,"Drama, Mystery, Thriller            ",2014,149,8.1,79.0,810207,167.77
43,The Last Picture Show,"Drama, Romance            ",1971,118,8.0,93.0,39888,29.13
44,The Matrix,"Action, Sci-Fi            ",1999,136,8.7,73.0,1596077,171.48
45,Marriage Story,"Comedy, Drama, Romance            ",2019,137,8.0,94.0,202972,69.04371293001178
46,Goldfinger,"Action, Adventure, Thriller            ",1964,110,7.7,87.0,165646,51.08
47,Saving Private Ryan,"Drama, War            ",1998,169,8.6,91.0,1176586,216.54
48,The Invisible Guest,"Crime, Mystery, Thriller            ",2016,106,8.1,77.51137724550898,111540,69.04371293001178
49,Guardians of the Galaxy,"Action, Adventure, Comedy            ",2014,121,8.0,76.0,1006170,333.18
50,The Hangover,Comedy            ,2009,100,7.7,73.0,694821,277.32
51,The Departed,"Crime, Drama, Thriller            ",2006,151,8.5,85.0,1133976,132.38
52,Prisoners,"Crime, Drama, Mystery            ",2013,153,8.1,70.0,563234,61.0
53,Se7en,"Crime, Drama, Mystery            ",1995,127,8.6,65.0,1367611,100.13
54,The Prestige,"Drama, Mystery, Sci-Fi            ",2006,130,8.5,66.0,1125902,53.09
55,Schindler's List,"Biography, Drama, History            ",1993,195,8.9,94.0,1156877,96.9
56,Skyfall,"Action, Adventure, Thriller            ",2012,143,7.7,81.0,612358,304.36
57,Taxi Driver,"Crime, Drama            ",1976,114,8.3,94.0,684185,28.26
58,Howl's Moving Castle,"Animation, Adventure, Family            ",2004,119,8.2,80.0,303971,4.71
59,Deadpool,"Action, Adventure, Comedy            ",2016,108,8.0,65.0,866405,363.07
60,Good Will Hunting,"Drama, Romance            ",1997,126,8.3,70.0,815807,138.43
61,Guardians of the Galaxy Vol. 2,"Action, Adventure, Comedy            ",2017,136,7.6,67.0,533023,389.81
62,The Shining,"Drama, Horror            ",1980,146,8.4,66.0,845684,44.02
63,Shutter Island,"Mystery, Thriller            ",2010,138,8.1,63.0,1067631,128.01
64,Gladiator,"Action, Adventure, Drama            ",2000,155,8.5,67.0,1279865,187.71
65,The Silence of the Lambs,"Crime, Drama, Thriller            ",1991,118,8.6,85.0,1203989,130.74
66,Bohemian Rhapsody,"Biography, Drama, Music            ",2018,134,8.0,49.0,418126,216.43
67,American Beauty,Drama            ,1999,122,8.3,84.0,1031370,130.1
68,Léon: The Professional,"Action, Crime, Drama            ",1994,110,8.5,64.0,983997,19.5
69,Star Wars: Episode IV - A New Hope,"Action, Adventure, Fantasy            ",1977,121,8.6,90.0,1182819,322.74
70,"The Good, the Bad and the Ugly",Western            ,1966,178,8.8,90.0,657247,6.1
71,Harry Potter and the Deathly Hallows: Part 2,"Adventure, Drama, Fantasy            ",2011,130,8.1,85.0,726805,381.01
72,Mission: Impossible - Fallout,"Action, Adventure, Thriller            ",2018,147,7.7,86.0,268384,220.16
73,Pirates of the Caribbean: The Curse of the Black Pearl,"Action, Adventure, Fantasy            ",2003,143,8.0,63.0,989741,305.41
74,The Lord of the Rings: The Return of the King,"Adventure, Drama, Fantasy            ",2003,201,8.9,94.0,1574216,377.85
75,12 Monkeys,"Mystery, Sci-Fi, Thriller            ",1995,129,8.0,74.0,559413,57.14
76,The Avengers,"Action, Adventure, Sci-Fi            ",2012,143,8.0,69.0,1225562,623.28
77,Minority Report,"Action, Crime, Mystery            ",2002,145,7.6,80.0,488636,132.07
78,Baby Driver,"Action, Crime, Drama            ",2017,113,7.6,86.0,405595,107.83
79,Spider-Man: Into the Spider-Verse,"Animation, Action, Adventure            ",2018,117,8.4,87.0,309476,190.24
80,Back to the Future,"Adventure, Comedy, Sci-Fi            ",1985,116,8.5,87.0,992613,210.61
81,Spirited Away,"Animation, Adventure, Family            ",2001,125,8.6,96.0,603116,10.06
82,Dunkirk,"Action, Drama, History            ",2017,106,7.9,94.0,510933,188.37
83,The Godfather: Part II,"Crime, Drama            ",1974,202,9.0,90.0,1071305,57.3
84,Django Unchained,"Drama, Western            ",2012,165,8.4,81.0,1284681,162.81
85,No Country for Old Men,"Crime, Drama, Thriller            ",2007,122,8.1,91.0,809218,74.28
86,Harry Potter and the Goblet of Fire,"Adventure, Family, Fantasy            ",2005,157,7.7,81.0,517016,290.01
87,Requiem for a Dream,Drama            ,2000,102,8.3,68.0,733660,3.64
88,Alien,"Horror, Sci-Fi            ",1979,117,8.4,89.0,751532,78.9
89,Avatar,"Action, Adventure, Fantasy            ",2009,162,7.8,83.0,1086160,760.51
90,28 Days Later...,"Drama, Horror, Sci-Fi            ",2002,113,7.6,73.0,362695,45.06
91,Ex Machina,"Drama, Mystery, Sci-Fi            ",2014,108,7.7,78.0,449775,25.44
92,The Green Mile,"Crime, Drama, Fantasy            ",1999,189,8.6,61.0,1083580,136.8
93,Jurassic Park,"Action, Adventure, Sci-Fi            ",1993,127,8.1,68.0,823456,402.45
94,Apocalypse Now,"Drama, Mystery, War            ",1979,147,8.4,94.0,577604,83.47
95,Snatch,"Comedy, Crime            ",2000,102,8.3,55.0,752185,30.33
96,The Big Short,"Biography, Comedy, Drama            ",2015,130,7.8,81.0,336258,70.26
97,Iron Man,"Action, Adventure, Sci-Fi            ",2008,126,7.9,79.0,905563,318.41
98,Moana,"Animation, Adventure, Comedy            ",2016,107,7.6,81.0,248933,248.76
99,Deadpool 2,"Action, Adventure, Comedy            ",2018,119,7.7,66.0,444245,324.59
100,Lion,"Biography, Drama            ",2016,118,8.0,69.0,198560,51.74
101,Blade Runner,"Action, Sci-Fi, Thriller            ",1982,117,8.1,84.0,663144,32.87
102,There Will Be Blood,Drama            ,2007,158,8.2,93.0,489536,40.22
103,Rogue One: A Star Wars Story,"Action, Adventure, Sci-Fi            ",2016,133,7.8,65.0,525294,532.18
104,The Lion King,"Animation, Adventure, Drama            ",1994,88,8.5,88.0,897224,422.78
105,Her,"Drama, Romance, Sci-Fi            ",2013,126,8.0,90.0,507649,25.57
106,Coco,"Animation, Adventure, Family            ",2017,105,8.4,81.0,331590,209.73
107,Zodiac,"Crime, Drama, Mystery            ",2007,157,7.7,78.0,425733,33.08
108,Room,"Drama, Thriller            ",2015,118,8.1,86.0,343982,14.68
109,Harry Potter and the Prisoner of Azkaban,"Adventure, Family, Fantasy            ",2004,142,7.9,82.0,519010,249.36
110,Whiplash,"Drama, Music            ",2014,106,8.5,88.0,668648,13.09
111,"Three Billboards Outside Ebbing, Missouri","Comedy, Crime, Drama            ",2017,115,8.2,88.0,392608,54.51
112,The Wizard of Oz,"Adventure, Family, Fantasy            ",1939,102,8.0,100.0,362346,2.08
113,Brokeback Mountain,"Drama, Romance            ",2005,134,7.7,87.0,311540,83.04
114,12 Angry Men,Drama            ,1957,96,8.9,96.0,648966,4.36
115,Get Out,"Horror, Mystery, Thriller            ",2017,104,7.7,85.0,453774,176.04
116,Zootopia,"Animation, Adventure, Comedy            ",2016,108,8.0,78.0,410100,341.27
117,Eternal Sunshine of the Spotless Mind,"Drama, Romance, Sci-Fi            ",2004,108,8.3,89.0,868540,34.4
118,Memento,"Mystery, Thriller            ",2000,113,8.4,80.0,1076188,25.54
119,Captain America: Civil War,"Action, Adventure, Sci-Fi            ",2016,147,7.8,75.0,628285,408.08
120,Pride & Prejudice,"Drama, Romance            ",2005,129,7.8,82.0,241434,38.41
121,Batman Begins,"Action, Adventure            ",2005,140,8.2,70.0,1253332,206.85
122,Ferris Bueller's Day Off,Comedy            ,1986,103,7.8,61.0,304402,70.14
123,The Goonies,"Adventure, Comedy, Family            ",1985,114,7.8,62.0,229870,61.5
124,Ratatouille,"Animation, Adventure, Comedy            ",2007,111,8.0,96.0,611908,206.45
125,Star Wars: Episode VII - The Force Awakens,"Action, Adventure, Sci-Fi            ",2015,138,7.9,80.0,832622,936.66
126,Oldboy,"Action, Drama, Mystery            ",2003,120,8.4,77.0,487810,0.71
127,The Princess Bride,"Adventure, Family, Fantasy            ",1987,98,8.1,77.0,376145,30.86
128,The Usual Suspects,"Crime, Mystery, Thriller            ",1995,106,8.5,77.0,949340,23.34
129,Jaws,"Adventure, Drama, Thriller            ",1975,124,8.0,87.0,526149,260.0
130,V for Vendetta,"Action, Drama, Sci-Fi            ",2005,132,8.2,62.0,990418,70.51
131,Scarface,"Crime, Drama            ",1983,170,8.3,65.0,703235,45.6
132,The Revenant,"Action, Adventure, Biography            ",2015,156,8.0,76.0,667355,183.64
133,The Intouchables,"Biography, Comedy, Drama            ",2011,112,8.5,57.0,719900,13.18
134,A Star Is Born,"Drama, Music, Romance            ",2018,136,7.7,88.0,304154,215.29
135,Argo,"Biography, Drama, Thriller            ",2012,120,7.7,86.0,554887,136.03
136,The Grand Budapest Hotel,"Adventure, Comedy, Crime            ",2014,99,8.1,88.0,670468,59.1
137,Superbad,Comedy            ,2007,113,7.6,76.0,503085,121.46
138,Braveheart,"Biography, Drama, History            ",1995,178,8.3,68.0,927085,75.6
139,The Lord of the Rings: The Two Towers,"Adventure, Drama, Fantasy            ",2002,179,8.7,87.0,1421687,342.55
140,The Big Lebowski,"Comedy, Crime, Sport            ",1998,117,8.1,71.0,696113,17.5
141,Star Trek,"Action, Adventure, Sci-Fi            ",2009,127,7.9,82.0,567029,257.73
142,The Pianist,"Biography, Drama, Music            ",2002,150,8.5,85.0,688312,32.57
143,Airplane!,Comedy            ,1980,88,7.7,78.0,200844,83.4
144,Hacksaw Ridge,"Biography, Drama, History            ",2016,139,8.1,71.0,402664,67.21
145,Logan,"Action, Drama, Sci-Fi            ",2017,137,8.1,77.0,609272,226.28
146,Dazed and Confused,Comedy            ,1993,102,7.6,78.0,156383,7.99
147,One Flew Over the Cuckoo's Nest,Drama            ,1975,133,8.7,83.0,873577,112.0
148,The Hateful Eight,"Crime, Drama, Mystery            ",2015,168,7.8,68.0,483789,54.12
149,Kingsman: The Secret Service,"Action, Adventure, Comedy            ",2014,129,7.7,60.0,569432,128.26
150,Watchmen,"Action, Drama, Mystery            ",2009,162,7.6,56.0,482620,107.51
151,The Breakfast Club,"Comedy, Drama            ",1985,97,7.9,62.0,333860,45.88
152,Heat,"Crime, Drama, Thriller            ",1995,170,8.2,76.0,549572,67.44
153,Wonder,"Drama, Family            ",2017,113,8.0,66.0,127122,132.42
154,Training Day,"Crime, Drama, Thriller            ",2001,122,7.7,69.0,372535,76.63
155,The Hobbit: An Unexpected Journey,"Adventure, Family, Fantasy            ",2012,169,7.8,58.0,737982,303.0
156,Life Is Beautiful,"Comedy, Drama, Romance            ",1997,116,8.6,59.0,590060,57.6
157,Catch Me If You Can,"Biography, Crime, Drama            ",2002,141,8.1,75.0,774704,164.62
158,Mystic River,"Crime, Drama, Mystery            ",2003,138,7.9,84.0,403805,90.14
159,Inside Out,"Animation, Adventure, Comedy            ",2015,95,8.2,94.0,576125,356.46
160,Mulholland Drive,"Drama, Mystery, Thriller            ",2001,147,8.0,84.0,304474,7.22
161,The Peanut Butter Falcon,"Adventure, Comedy, Drama            ",2019,97,7.6,70.0,38609,13.12
162,The Sound of Music,"Biography, Drama, Family            ",1965,172,8.0,63.0,194508,163.21
163,La La Land,"Comedy, Drama, Music            ",2016,128,8.0,94.0,472376,151.1
164,Sicario,"Action, Crime, Drama            ",2015,121,7.6,82.0,350233,46.89
165,A Clockwork Orange,"Crime, Drama, Sci-Fi            ",1971,136,8.3,80.0,725132,69.04371293001178
166,Lethal Weapon,"Action, Crime, Thriller            ",1987,109,7.6,68.0,228344,65.21
167,Ocean's Eleven,"Crime, Thriller            ",2001,116,7.7,74.0,493893,183.42
168,The Truman Show,"Comedy, Drama, Sci-Fi            ",1998,103,8.1,90.0,885440,125.62
169,Captain America: The Winter Soldier,"Action, Adventure, Sci-Fi            ",2014,136,7.7,70.0,704944,259.77
170,Tangled,"Animation, Adventure, Comedy            ",2010,100,7.7,71.0,387782,200.82
171,Indiana Jones and the Last Crusade,"Action, Adventure            ",1989,127,8.2,65.0,663621,197.17
172,Zombieland,"Adventure, Comedy, Horror            ",2009,88,7.6,73.0,501035,75.59
173,American History X,Drama            ,1998,119,8.5,62.0,995875,6.72
174,Harry Potter and the Deathly Hallows: Part 1,"Adventure, Family, Fantasy            ",2010,146,7.7,65.0,450975,295.98
175,The Girl with the Dragon Tattoo,"Crime, Drama, Mystery            ",2011,158,7.8,71.0,403953,102.52
176,The Notebook,"Drama, Romance            ",2004,123,7.8,53.0,497143,81.0
177,Harry Potter and the Half-Blood Prince,"Action, Adventure, Family            ",2009,153,7.6,78.0,445368,301.96
178,Drive,"Crime, Drama            ",2011,100,7.8,78.0,547181,35.06
179,Star Wars: Episode V - The Empire Strikes Back,"Action, Adventure, Fantasy            ",1980,124,8.7,82.0,1110816,290.48
180,Cast Away,"Adventure, Drama, Romance            ",2000,143,7.8,73.0,498125,233.63
181,Kill Bill: Vol. 1,"Action, Crime, Thriller            ",2003,111,8.1,69.0,956991,70.1
182,Arrival,"Drama, Mystery, Sci-Fi            ",2016,116,7.9,81.0,557966,100.55
183,Reservoir Dogs,"Crime, Drama, Thriller            ",1992,99,8.3,79.0,877411,2.83
184,Pan's Labyrinth,"Drama, Fantasy, War            ",2006,118,8.2,98.0,596016,37.63
185,Donnie Darko,"Drama, Mystery, Sci-Fi            ",2001,113,8.0,88.0,718738,1.48
186,The Favourite,"Biography, Comedy, Drama            ",2018,119,7.6,91.0,154330,34.37
187,About Time,"Comedy, Drama, Fantasy            ",2013,123,7.8,55.0,282547,15.32
188,Seven Samurai,"Action, Adventure, Drama            ",1954,207,8.6,98.0,300373,0.27
189,Hidden Figures,"Biography, Drama, History            ",2016,127,7.8,74.0,186200,169.61
190,Star Wars: Episode VI - Return of the Jedi,"Action, Adventure, Fantasy            ",1983,131,8.3,58.0,910720,309.13
191,Love Actually,"Comedy, Drama, Romance            ",2003,135,7.6,55.0,410191,59.7
192,The Terminator,"Action, Sci-Fi            ",1984,107,8.0,84.0,769799,38.4
193,The Florida Project,Drama            ,2017,111,7.6,92.0,83241,5.9
194,City of God,"Crime, Drama            ",2002,130,8.6,79.0,673741,7.56
195,American Psycho,"Comedy, Crime, Drama            ",2000,101,7.6,64.0,459644,15.07
196,Your Name.,"Animation, Drama, Fantasy            ",2016,106,8.4,79.0,164296,5.02
197,Into the Wild,"Adventure, Biography, Drama            ",2007,148,8.1,73.0,547446,18.35
198,Birdman or (The Unexpected Virtue of Ignorance),"Comedy, Drama            ",2014,119,7.7,87.0,552658,42.34
199,The Two Popes,"Comedy, Drama            ",2019,125,7.6,75.0,87117,69.04371293001178
200,Terminator 2: Judgment Day,"Action, Sci-Fi            ",1991,137,8.5,75.0,957170,204.84
201,True Romance,"Crime, Drama, Romance            ",1993,119,7.9,59.0,197924,12.28
202,Ben-Hur,"Adventure, Drama, History            ",1959,212,8.1,90.0,210600,74.7
203,300,"Action, Drama            ",2006,117,7.6,52.0,713493,210.61
204,What We Do in the Shadows,"Comedy, Horror            ",2014,86,7.7,76.0,142290,3.33
205,The Godfather: Part III,"Crime, Drama            ",1990,162,7.6,60.0,341476,66.67
206,Psycho,"Horror, Mystery, Thriller            ",1960,109,8.5,97.0,570514,32.0
207,Silver Linings Playbook,"Comedy, Drama, Romance            ",2012,122,7.7,81.0,641446,132.09
208,Capernaum,Drama            ,2018,126,8.4,75.0,43328,1.66
209,2001: A Space Odyssey,"Adventure, Sci-Fi            ",1968,149,8.3,84.0,573583,56.95
210,Sherlock Holmes,"Action, Adventure, Crime            ",2009,128,7.6,57.0,566133,209.03
211,Toy Story,"Animation, Adventure, Comedy            ",1995,81,8.3,95.0,846292,191.8
212,The Handmaiden,"Drama, Romance, Thriller            ",2016,145,8.1,84.0,96274,2.01
213,Captain Fantastic,"Comedy, Drama            ",2016,118,7.9,72.0,174426,5.88
214,A Beautiful Mind,"Biography, Drama            ",2001,135,8.2,72.0,810586,170.74
215,Warrior,"Drama, Sport            ",2011,140,8.2,71.0,419650,13.66
216,Slumdog Millionaire,"Drama, Romance            ",2008,120,8.0,85.0,773700,141.32
217,Once Upon a Time in America,"Crime, Drama            ",1984,229,8.4,77.51137724550898,294434,5.32
218,The Curious Case of Benjamin Button,"Drama, Fantasy, Romance            ",2008,166,7.8,70.0,563353,127.51
219,Lost in Translation,"Drama, Romance            ",2003,102,7.7,89.0,393179,44.59
220,Edge of Tomorrow,"Action, Adventure, Sci-Fi            ",2014,113,7.9,71.0,574140,100.21
221,Sin City,"Crime, Thriller            ",2005,124,8.0,74.0,728007,74.1
222,Full Metal Jacket,"Drama, War            ",1987,116,8.3,76.0,643459,46.36
223,Fiddler on the Roof,"Drama, Family, Musical            ",1971,181,8.0,67.0,37150,80.5
224,Incredibles 2,"Animation, Action, Adventure            ",2018,118,7.6,80.0,230453,608.58
225,The Theory of Everything,"Biography, Drama, Romance            ",2014,123,7.7,72.0,381457,35.89
226,The Sixth Sense,"Drama, Mystery, Thriller            ",1999,107,8.1,64.0,878851,293.51
227,12 Years a Slave,"Biography, Drama, History            ",2013,134,8.1,96.0,609650,56.67
228,Die Hard,"Action, Thriller            ",1988,132,8.2,72.0,754876,83.01
229,Spotlight,"Biography, Crime, Drama            ",2015,129,8.1,93.0,393539,45.06
230,Shaun of the Dead,"Comedy, Horror            ",2004,99,7.9,76.0,493463,13.54
231,Black Swan,"Drama, Thriller            ",2010,108,8.0,79.0,675111,106.95
232,Once Upon a Time in the West,Western            ,1968,165,8.5,80.0,287408,5.32
233,Fargo,"Crime, Drama, Thriller            ",1996,98,8.1,85.0,588478,24.61
234,Indiana Jones and the Temple of Doom,"Action, Adventure            ",1984,118,7.6,57.0,427761,179.87
235,The King's Speech,"Biography, Drama, History            ",2010,118,8.0,88.0,618018,138.8
236,Stardust,"Adventure, Family, Fantasy            ",2007,127,7.6,66.0,246137,38.63
237,Apocalypto,"Action, Adventure, Drama            ",2006,139,7.8,68.0,279755,50.87
238,Princess Mononoke,"Animation, Adventure, Fantasy            ",1997,134,8.4,76.0,317978,2.38
239,Groundhog Day,"Comedy, Fantasy, Romance            ",1993,101,8.0,72.0,560650,70.91
240,Nightcrawler,"Crime, Drama, Thriller            ",2014,117,7.9,76.0,435049,32.38
241,"Lock, Stock and Two Smoking Barrels","Comedy, Crime            ",1998,107,8.2,66.0,514455,3.9
242,The Martian,"Adventure, Drama, Sci-Fi            ",2015,144,8.0,80.0,723067,228.43
243,Memories of Murder,"Action, Crime, Drama            ",2003,132,8.1,82.0,119516,0.01
244,The Farewell,"Comedy, Drama            ",2019,100,7.6,89.0,36287,16.88
245,Mulan,"Animation, Adventure, Family            ",1998,88,7.6,71.0,238119,120.62
246,The Hunt,Drama            ,2012,115,8.3,77.0,260609,0.69
247,Stand by Me,"Adventure, Drama            ",1986,89,8.1,75.0,348126,52.29
248,Blue Is the Warmest Colour,"Drama, Romance            ",2013,180,7.7,88.0,131633,2.2
249,Mary Poppins,"Comedy, Family, Fantasy            ",1964,139,7.8,88.0,151145,102.27
250,Rear Window,"Mystery, Thriller            ",1954,112,8.4,100.0,421671,36.76
251,Moneyball,"Biography, Drama, Sport            ",2011,133,7.6,87.0,344549,75.61
252,Up,"Animation, Adventure, Comedy            ",2009,96,8.2,88.0,892712,293.0
253,Platoon,"Drama, War            ",1986,120,8.1,92.0,366692,138.53
254,"Monsters, Inc.","Animation, Adventure, Comedy            ",2001,92,8.0,79.0,779988,289.92
255,Casablanca,"Drama, Romance, War            ",1942,102,8.5,100.0,499207,1.02
256,The Imitation Game,"Biography, Drama, Thriller            ",2014,114,8.0,73.0,651903,91.13
257,The Incredibles,"Animation, Action, Adventure            ",2004,115,8.0,90.0,632082,261.44
258,Gangs of New York,"Crime, Drama            ",2002,167,7.5,72.0,389182,77.81
259,Hot Fuzz,"Action, Comedy, Mystery            ",2007,121,7.8,81.0,444952,23.64
260,The Help,Drama            ,2011,146,8.1,62.0,409012,169.71
261,The Lives of Others,"Drama, Mystery, Thriller            ",2006,137,8.4,89.0,341301,11.29
262,Amélie,"Comedy, Romance            ",2001,122,8.3,69.0,678890,33.23
263,Casino,"Crime, Drama            ",1995,178,8.2,73.0,440087,42.44
264,Gran Torino,Drama            ,2008,116,8.1,72.0,695622,148.1
265,WALL·E,"Animation, Adventure, Family            ",2008,98,8.4,95.0,955180,223.81
266,Crash,"Crime, Drama, Thriller            ",2004,112,7.8,66.0,410418,54.58
267,Boogie Nights,Drama            ,1997,155,7.9,85.0,228948,26.4
268,As Good as It Gets,"Comedy, Drama, Romance            ",1997,139,7.7,67.0,264906,148.48
269,Lawrence of Arabia,"Adventure, Biography, Drama            ",1962,228,8.3,100.0,255171,44.82
270,Mad Max 2: The Road Warrior,"Action, Adventure, Sci-Fi            ",1981,96,7.6,77.0,160516,12.47
271,Rush,"Biography, Drama, Sport            ",2013,123,8.1,74.0,413399,26.95
272,True Grit,"Drama, Western            ",2010,110,7.6,80.0,297297,171.24
273,The Pursuit of Happyness,"Biography, Drama            ",2006,117,8.0,64.0,426360,163.57
274,Aladdin,"Animation, Adventure, Comedy            ",1992,90,8.0,86.0,353170,217.35
275,Unforgiven,"Drama, Western            ",1992,130,8.2,85.0,358542,101.16
276,Atonement,"Drama, Mystery, Romance            ",2007,123,7.8,85.0,238259,50.93
277,X-Men: Days of Future Past,"Action, Adventure, Sci-Fi            ",2014,132,8.0,75.0,642128,233.92
278,Children of Men,"Drama, Thriller            ",2006,109,7.9,84.0,445697,35.55
279,Dr. Strangelove,Comedy            ,1964,95,8.4,97.0,432649,0.28
280,A Few Good Men,"Drama, Thriller            ",1992,138,7.7,62.0,224254,141.34
281,Black Hawk Down,"Drama, History, War            ",2001,144,7.7,74.0,352477,108.64
282,3 Idiots,"Comedy, Drama            ",2009,170,8.4,67.0,321220,6.53
283,Finding Nemo,"Animation, Adventure, Comedy            ",2003,100,8.1,90.0,911110,380.84
284,The Fifth Element,"Action, Adventure, Sci-Fi            ",1997,126,7.7,52.0,418482,63.54
285,The Thing,"Horror, Mystery, Sci-Fi            ",1982,109,8.1,57.0,351113,13.78
286,Trainspotting,Drama            ,1996,93,8.1,83.0,613377,16.5
287,Ghostbusters,"Action, Comedy, Fantasy            ",1984,105,7.8,71.0,340587,238.63
288,Midnight in Paris,"Comedy, Fantasy, Romance            ",2011,94,7.7,81.0,371057,56.82
289,The Exorcist,Horror            ,1973,122,8.0,81.0,348408,232.91
290,Predator,"Action, Adventure, Sci-Fi            ",1987,107,7.8,45.0,358473,59.74
291,Magnolia,Drama            ,1999,188,8.0,77.0,279880,22.46
292,The Deer Hunter,"Drama, War            ",1978,183,8.1,86.0,297681,48.98
293,Home Alone,"Comedy, Family            ",1990,103,7.6,63.0,443825,285.76
294,L.A. Confidential,"Crime, Drama, Mystery            ",1997,138,8.2,90.0,512493,64.62
295,Ponyo,"Animation, Adventure, Comedy            ",2008,101,7.7,86.0,114575,15.09
296,Gone with the Wind,"Drama, History, Romance            ",1939,238,8.1,97.0,276300,198.68
297,X-Men: First Class,"Action, Adventure, Sci-Fi            ",2011,131,7.7,65.0,629230,146.41
298,Hell or High Water,"Action, Crime, Drama            ",2016,102,7.6,88.0,191331,26.86
299,Gravity,"Drama, Sci-Fi, Thriller            ",2013,91,7.7,96.0,742415,274.09
300,Incendies,"Drama, Mystery, War            ",2010,131,8.3,80.0,135599,6.86
301,The Hobbit: The Desolation of Smaug,"Adventure, Fantasy            ",2013,161,7.8,66.0,583391,258.37
302,The Sandlot,"Comedy, Drama, Family            ",1993,101,7.8,55.0,75117,32.42
303,Hunt for the Wilderpeople,"Adventure, Comedy, Drama            ",2016,101,7.9,81.0,98968,5.2
304,Dallas Buyers Club,"Biography, Drama            ",2013,117,8.0,81.0,421216,27.3
305,The Last Samurai,"Action, Drama, War            ",2003,154,7.7,55.0,384534,111.11
306,Big Hero 6,"Animation, Action, Adventure            ",2014,102,7.8,74.0,392771,222.53
307,Dead Poets Society,"Comedy, Drama            ",1989,128,8.1,79.0,398250,95.86
308,E.T. the Extra-Terrestrial,"Family, Sci-Fi            ",1982,115,7.8,91.0,354444,435.11
309,Lolita,"Crime, Drama, Romance            ",1962,153,7.6,79.0,88083,9.25
310,Remember the Titans,"Biography, Drama, Sport            ",2000,113,7.8,48.0,190686,115.65
311,Amadeus,"Biography, Drama, History            ",1984,160,8.3,88.0,353709,51.97
312,The Bourne Identity,"Action, Mystery, Thriller            ",2002,119,7.9,68.0,491096,121.66
313,Annie Hall,"Comedy, Romance            ",1977,93,8.0,92.0,244336,39.2
314,Downfall,"Biography, Drama, History            ",2004,156,8.2,82.0,318452,5.51
315,Roma,Drama            ,2018,135,7.7,96.0,127797,69.04371293001178
316,Dangal,"Action, Biography, Drama            ",2016,161,8.4,77.51137724550898,139364,12.39
317,Misery,"Drama, Thriller            ",1990,107,7.8,75.0,174289,61.28
318,Big Fish,"Adventure, Drama, Fantasy            ",2003,125,8.0,58.0,402160,66.26
319,Shrek,"Animation, Adventure, Comedy            ",2001,90,7.8,84.0,589800,267.67
320,Stalker,"Drama, Sci-Fi            ",1979,162,8.2,77.51137724550898,106984,0.23
321,Blue Velvet,"Drama, Mystery, Thriller            ",1986,120,7.8,76.0,171553,8.55
322,Tombstone,"Action, Biography, Drama            ",1993,130,7.8,50.0,120117,56.51
323,Blood Diamond,"Adventure, Drama, Thriller            ",2006,143,8.0,64.0,480633,57.37
324,The Impossible,"Drama, History, Thriller            ",2012,114,7.6,73.0,188070,19.02
325,Rocky,"Drama, Sport            ",1976,120,8.1,70.0,496146,117.24
326,Toy Story 3,"Animation, Adventure, Comedy            ",2010,103,8.3,92.0,725637,415.0
327,Edward Scissorhands,"Drama, Fantasy, Romance            ",1990,105,7.9,74.0,430382,56.36
328,Wind River,"Crime, Drama, Mystery            ",2017,107,7.7,73.0,187334,33.8
329,Spartacus,"Adventure, Biography, Drama            ",1960,197,7.9,87.0,119136,30.0
330,Almost Famous,"Adventure, Comedy, Drama            ",2000,122,7.9,90.0,242761,32.53
331,The Conversation,"Drama, Mystery, Thriller            ",1974,113,7.8,85.0,92058,4.42
332,The Fugitive,"Action, Crime, Drama            ",1993,130,7.8,87.0,256056,183.88
333,Kill Bill: Vol. 2,"Action, Crime, Thriller            ",2004,137,8.0,83.0,654088,66.21
334,Manchester by the Sea,Drama            ,2016,137,7.8,96.0,231099,47.7
335,My Neighbor Totoro,"Animation, Family, Fantasy            ",1988,86,8.2,86.0,264849,1.11
336,Little Miss Sunshine,"Comedy, Drama            ",2006,101,7.8,80.0,424447,59.89
337,The Apartment,"Comedy, Drama, Romance            ",1960,125,8.3,94.0,154083,18.6
338,The Little Mermaid,"Animation, Family, Fantasy            ",1989,83,7.6,88.0,226590,111.54
339,The Others,"Horror, Mystery, Thriller            ",2001,104,7.6,74.0,325016,96.52
340,The Game,"Action, Drama, Mystery            ",1997,129,7.8,61.0,329360,48.32
341,The Fault in Our Stars,"Drama, Romance            ",2014,126,7.7,69.0,329892,124.87
342,The Secret in Their Eyes,"Drama, Mystery, Romance            ",2009,129,8.2,80.0,182524,6.39
343,Chinatown,"Drama, Mystery, Thriller            ",1974,130,8.2,92.0,279602,29.2
344,"O Brother, Where Art Thou?","Adventure, Comedy, Crime            ",2000,107,7.7,69.0,274076,45.51
345,Grave of the Fireflies,"Animation, Drama, War            ",1988,89,8.5,77.51137724550898,215825,69.04371293001178
346,Moonrise Kingdom,"Comedy, Drama, Romance            ",2012,94,7.8,84.0,304893,45.51
347,Blazing Saddles,"Comedy, Western            ",1974,93,7.7,73.0,120708,119.5
348,Million Dollar Baby,"Drama, Sport            ",2004,132,8.1,86.0,611086,100.49
349,The Butterfly Effect,"Drama, Sci-Fi, Thriller            ",2004,113,7.6,30.0,437124,57.94
350,Raging Bull,"Biography, Drama, Sport            ",1980,129,8.2,89.0,306281,23.38
351,Monty Python and the Holy Grail,"Adventure, Comedy, Fantasy            ",1975,91,8.2,93.0,482664,1.23
352,Escape from Alcatraz,"Biography, Crime, Drama            ",1979,112,7.6,76.0,111684,43.0
353,Before Sunrise,"Drama, Romance            ",1995,101,8.1,77.0,253528,5.54
354,Rain Man,Drama            ,1988,133,8.0,65.0,457528,178.8
355,Inside Man,"Crime, Drama, Mystery            ",2006,129,7.6,76.0,324550,88.51
356,District 9,"Action, Sci-Fi, Thriller            ",2009,112,7.9,81.0,622376,115.65
357,Moon,"Drama, Mystery, Sci-Fi            ",2009,97,7.9,67.0,323794,5.01
358,Beauty and the Beast,"Animation, Family, Fantasy            ",1991,84,8.0,95.0,404985,218.97
359,American Gangster,"Biography, Crime, Drama            ",2007,157,7.8,76.0,378635,130.16
360,The Body,"Mystery, Thriller            ",2012,108,7.6,77.51137724550898,51071,69.04371293001178
361,Saw,"Horror, Mystery, Thriller            ",2004,103,7.6,46.0,365987,56.0
362,Citizen Kane,"Drama, Mystery            ",1941,119,8.3,100.0,380537,1.59
363,Blow,"Biography, Crime, Drama            ",2001,124,7.6,52.0,232518,52.99
364,Donnie Brasco,"Biography, Crime, Drama            ",1997,127,7.7,76.0,265434,41.91
365,Klaus,"Animation, Adventure, Comedy            ",2019,96,8.2,65.0,65248,69.04371293001178
366,The Naked Gun,"Comedy, Crime            ",1988,85,7.6,76.0,143880,78.76
367,The Machinist,"Drama, Thriller            ",2004,101,7.7,61.0,343911,1.08
368,Butch Cassidy and the Sundance Kid,"Biography, Crime, Drama            ",1969,110,8.0,66.0,195740,102.31
369,Ip Man,"Action, Biography, Drama            ",2008,106,8.0,59.0,203859,69.04371293001178
370,The Blind Side,"Biography, Drama, Sport            ",2009,129,7.6,53.0,279588,255.96
371,Vertigo,"Mystery, Romance, Thriller            ",1958,128,8.3,100.0,341174,3.2
372,Scent of a Woman,Drama            ,1992,156,8.0,59.0,245559,63.9
373,Serenity,"Action, Adventure, Sci-Fi            ",2005,119,7.8,74.0,276954,25.51
374,Office Space,Comedy            ,1999,89,7.7,68.0,234301,10.82
375,Wild Tales,"Comedy, Drama, Thriller            ",2014,122,8.1,77.0,163632,3.11
376,The Untouchables,"Crime, Drama, Thriller            ",1987,119,7.9,79.0,267027,76.27
377,Rosemary's Baby,"Drama, Horror            ",1968,137,8.0,96.0,182078,69.04371293001178
378,What's Eating Gilbert Grape,Drama            ,1993,118,7.8,73.0,205816,9.17
379,Y Tu Mamá También,Drama            ,2001,106,7.6,88.0,111233,13.62
380,Midnight Cowboy,Drama            ,1969,113,7.8,79.0,96093,44.79
381,Man on Fire,"Action, Crime, Drama            ",2004,146,7.7,47.0,318641,77.91
382,Breakfast at Tiffany's,"Comedy, Drama, Romance            ",1961,115,7.7,76.0,158824,69.04371293001178
383,Back to the Future Part II,"Adventure, Comedy, Sci-Fi            ",1989,108,7.8,57.0,453113,118.5
384,It's a Wonderful Life,"Drama, Family, Fantasy            ",1946,130,8.6,89.0,380116,69.04371293001178
385,Some Like It Hot,"Comedy, Music, Romance            ",1959,121,8.2,98.0,232498,25.0
386,The Graduate,"Comedy, Drama, Romance            ",1967,106,8.0,83.0,245937,104.95
387,Willy Wonka & the Chocolate Factory,"Family, Fantasy, Musical            ",1971,100,7.8,67.0,169725,4.0
388,Come and See,"Drama, War            ",1985,142,8.3,77.51137724550898,49479,69.04371293001178
389,Life of Pi,"Adventure, Drama, Fantasy            ",2012,127,7.9,79.0,559364,124.99
390,Gifted,Drama            ,2017,101,7.6,60.0,91159,24.8
391,Manhattan,"Comedy, Drama, Romance            ",1979,96,7.9,83.0,126614,45.7
392,Who Framed Roger Rabbit,"Animation, Adventure, Comedy            ",1988,104,7.7,83.0,175277,156.45
393,Monty Python's Life of Brian,Comedy            ,1979,94,8.1,77.0,351816,20.05
394,Searching,"Drama, Mystery, Thriller            ",2018,102,7.6,71.0,122608,26.02
395,The Elephant Man,"Biography, Drama            ",1980,124,8.1,78.0,209305,69.04371293001178
396,500 Days of Summer,"Comedy, Drama, Romance            ",2009,95,7.7,76.0,456814,32.39
397,Gattaca,"Drama, Sci-Fi, Thriller            ",1997,106,7.8,64.0,270960,12.34
398,The Blues Brothers,"Adventure, Comedy, Crime            ",1980,133,7.9,60.0,174469,57.23
399,Dances with Wolves,"Adventure, Drama, Western            ",1990,181,8.0,72.0,230530,184.21
400,Wreck-It Ralph,"Animation, Adventure, Comedy            ",2012,101,7.7,72.0,364385,189.42
401,Kick-Ass,"Action, Adventure, Comedy            ",2010,117,7.6,66.0,512270,48.07
402,First Blood,"Action, Adventure            ",1982,93,7.7,61.0,216777,47.21
403,The Great Escape,"Adventure, Drama, History            ",1963,172,8.2,87.0,214622,12.1
404,Empire of the Sun,"Action, Drama, History            ",1987,153,7.7,62.0,110475,22.24
405,The Abyss,"Adventure, Drama, Mystery            ",1989,171,7.6,62.0,156981,54.46
406,Interview with the Vampire: The Vampire Chronicles,"Drama, Horror            ",1994,123,7.6,59.0,284628,105.26
407,Captain Phillips,"Biography, Crime, Drama            ",2013,134,7.8,82.0,404263,107.1
408,Star Trek Into Darkness,"Action, Adventure, Sci-Fi            ",2013,132,7.7,72.0,454488,228.78
409,Toy Story 2,"Animation, Adventure, Comedy            ",1999,92,7.9,88.0,504528,245.85
410,Primal Fear,"Crime, Drama, Mystery            ",1996,129,7.7,47.0,174405,56.12
411,The Hurt Locker,"Drama, Thriller, War            ",2008,131,7.6,95.0,407403,17.02
412,Andhadhun,"Crime, Thriller            ",2018,139,8.3,77.51137724550898,58765,1.37
413,Taken,"Action, Thriller            ",2008,90,7.8,51.0,551766,145.0
414,Match Point,"Drama, Romance, Thriller            ",2005,124,7.6,72.0,199128,23.09
415,The Seventh Seal,"Drama, Fantasy            ",1957,96,8.2,77.51137724550898,153678,69.04371293001178
416,The Last of the Mohicans,"Action, Adventure, Drama            ",1992,112,7.7,76.0,142392,75.51
417,Boyz n the Hood,"Crime, Drama            ",1991,112,7.7,76.0,118355,57.5
418,Apollo 13,"Adventure, Drama, History            ",1995,140,7.6,77.0,256668,173.84
419,The Count of Monte Cristo,"Action, Adventure, Drama            ",2002,131,7.8,61.0,124747,54.23
420,The Boy in the Striped Pajamas,"Drama, War            ",2008,94,7.8,55.0,181226,9.03
421,Walk the Line,"Biography, Drama, Music            ",2005,136,7.8,72.0,225518,119.52
422,Mother,"Crime, Drama, Thriller            ",2009,129,7.8,79.0,44852,0.55
423,The Bourne Ultimatum,"Action, Mystery, Thriller            ",2007,115,8.0,85.0,591663,227.47
424,I Saw the Devil,"Action, Crime, Drama            ",2010,144,7.8,67.0,101841,0.13
425,Sense and Sensibility,"Drama, Romance            ",1995,136,7.6,84.0,97207,43.18
426,127 Hours,"Biography, Drama            ",2010,94,7.6,82.0,336556,18.34
427,Mr. Nobody,"Drama, Fantasy, Romance            ",2009,141,7.8,63.0,207121,0.0
428,Isle of Dogs,"Animation, Adventure, Comedy            ",2018,101,7.9,82.0,126278,32.02
429,Papillon,"Biography, Crime, Drama            ",1973,151,8.0,58.0,117200,53.27
430,Seven Pounds,Drama            ,2008,123,7.6,36.0,278361,69.95
431,The Warriors,"Action, Crime, Thriller            ",1979,92,7.6,65.0,89585,22.49
432,The Fighter,"Biography, Drama, Sport            ",2010,116,7.8,79.0,328356,93.62
433,In Bruges,"Comedy, Crime, Drama            ",2008,107,7.9,67.0,377304,7.76
434,Cinema Paradiso,Drama            ,1988,155,8.5,80.0,215415,11.99
435,The Royal Tenenbaums,"Comedy, Drama            ",2001,110,7.6,76.0,256019,52.36
436,The Hunt for Red October,"Action, Adventure, Thriller            ",1990,135,7.6,58.0,171246,122.01
437,Lost Highway,"Mystery, Thriller            ",1997,134,7.6,52.0,124454,3.8
438,The Reader,"Drama, Romance            ",2008,124,7.6,58.0,224286,34.19
439,Young Frankenstein,Comedy            ,1974,106,8.0,80.0,137987,86.3
440,Solaris,"Drama, Mystery, Sci-Fi            ",1972,167,8.1,90.0,75313,69.04371293001178
441,The Crow,"Action, Drama, Fantasy            ",1994,102,7.6,71.0,160907,50.69
442,Brazil,"Drama, Sci-Fi            ",1985,132,7.9,88.0,181253,9.93
443,The Jungle Book,"Animation, Adventure, Family            ",1967,78,7.6,65.0,159043,141.84
444,Days of Heaven,"Drama, Romance            ",1978,94,7.9,93.0,49101,69.04371293001178
445,The Thin Red Line,"Drama, War            ",1998,170,7.6,78.0,166307,36.4
446,Barry Lyndon,"Adventure, Drama, History            ",1975,185,8.1,89.0,140852,69.04371293001178
447,End of Watch,"Action, Crime, Drama            ",2012,109,7.6,68.0,220302,41.0
448,Shoplifters,"Crime, Drama            ",2018,121,8.0,93.0,50089,3.31
449,Close Encounters of the Third Kind,"Drama, Sci-Fi            ",1977,138,7.6,90.0,175805,132.09
450,Boyhood,Drama            ,2014,165,7.9,100.0,325909,25.38
451,Sunset Blvd.,"Drama, Film-Noir            ",1950,110,8.4,77.51137724550898,190138,69.04371293001178
452,To Kill a Mockingbird,"Crime, Drama            ",1962,129,8.2,88.0,283713,69.04371293001178
453,Gone Baby Gone,"Crime, Drama, Mystery            ",2007,114,7.6,72.0,241826,20.3
454,Bridge of Spies,"Drama, History, Thriller            ",2015,142,7.6,81.0,275281,72.31
455,The Girl with the Dragon Tattoo,"Crime, Drama, Mystery            ",2009,152,7.8,76.0,203578,10.1
456,Traffic,"Crime, Drama, Thriller            ",2000,147,7.6,86.0,190657,124.12
457,How to Train Your Dragon,"Animation, Action, Adventure            ",2010,98,8.1,75.0,639545,217.58
458,The Bourne Supremacy,"Action, Mystery, Thriller            ",2004,108,7.7,73.0,420678,176.24
459,Halloween,"Horror, Thriller            ",1978,91,7.8,81.0,218027,47.0
460,Das Boot,"Adventure, Drama, Thriller            ",1981,149,8.3,86.0,221149,11.49
461,Philadelphia,Drama            ,1993,125,7.7,66.0,215065,77.32
462,Creed,"Drama, Sport            ",2015,133,7.6,82.0,237177,109.77
463,Fried Green Tomatoes,Drama            ,1991,130,7.7,64.0,64004,82.42
464,Dawn of the Planet of the Apes,"Action, Adventure, Drama            ",2014,130,7.6,79.0,401624,208.55
465,The Raid: Redemption,"Action, Thriller            ",2011,101,7.6,73.0,183075,4.11
466,Rise of the Planet of the Apes,"Action, Drama, Sci-Fi            ",2011,105,7.6,68.0,485154,176.76
467,Sleepers,"Crime, Drama, Thriller            ",1996,147,7.6,49.0,181027,49.1
468,The Wind Rises,"Animation, Biography, Drama            ",2013,126,7.8,83.0,66128,5.21
469,Robin Hood,"Animation, Adventure, Comedy            ",1973,83,7.6,57.0,110113,32.06
470,Akira,"Animation, Drama, Sci-Fi            ",1988,124,8.0,77.51137724550898,153970,0.55
471,The Best Offer,"Crime, Drama, Mystery            ",2013,131,7.8,49.0,102139,0.09
472,Singin' in the Rain,"Comedy, Musical, Romance            ",1952,103,8.3,99.0,207882,8.82
473,A Separation,Drama            ,2011,123,8.3,95.0,208970,7.1
474,The Man from Earth,"Drama, Fantasy, Sci-Fi            ",2007,87,7.9,77.51137724550898,166905,69.04371293001178
475,The Night of the Hunter,"Crime, Drama, Film-Noir            ",1955,92,8.0,99.0,78196,0.65
476,Rio Bravo,"Action, Drama, Western            ",1959,141,8.0,77.51137724550898,53384,12.54
477,Fear and Loathing in Las Vegas,"Adventure, Comedy, Drama            ",1998,118,7.6,41.0,250537,10.68
478,North by Northwest,"Adventure, Mystery, Thriller            ",1959,136,8.3,98.0,285036,13.28
479,Billy Elliot,"Drama, Music            ",2000,110,7.7,74.0,121259,22.0
480,Planet of the Apes,"Adventure, Sci-Fi            ",1968,112,8.0,79.0,160509,33.4
481,Straight Outta Compton,"Biography, Drama, History            ",2015,147,7.9,72.0,172586,161.2
482,Nausicaä of the Valley of the Wind,"Animation, Adventure, Fantasy            ",1984,117,8.1,86.0,138497,0.5
483,Whisper of the Heart,"Animation, Drama, Family            ",1995,111,7.9,75.0,44715,69.04371293001178
484,My Cousin Vinny,"Comedy, Crime            ",1992,120,7.6,68.0,101306,52.93
485,Fantastic Mr. Fox,"Animation, Adventure, Comedy            ",2009,87,7.9,83.0,187163,21.0
486,For a Few Dollars More,Western            ,1965,132,8.3,74.0,219652,15.0
487,The Magnificent Seven,"Action, Adventure, Western            ",1960,128,7.7,74.0,84206,4.91
488,Die Hard with a Vengeance,"Action, Adventure, Thriller            ",1995,128,7.6,58.0,352268,100.01
489,The Skin I Live In,"Drama, Horror, Thriller            ",2011,120,7.6,70.0,131140,3.19
490,In the Mood for Love,"Drama, Romance            ",2000,98,8.1,85.0,114618,2.73
491,The Birds,"Drama, Horror, Mystery            ",1963,119,7.7,88.0,162956,11.4
492,The Sting,"Comedy, Crime, Drama            ",1973,129,8.3,83.0,231159,159.6
493,Deliverance,"Adventure, Drama, Thriller            ",1972,109,7.7,80.0,94716,69.04371293001178
494,Serpico,"Biography, Crime, Drama            ",1973,130,7.7,87.0,103090,29.8
495,Do the Right Thing,"Comedy, Drama            ",1989,120,7.9,92.0,80171,27.55
496,Sling Blade,Drama            ,1996,135,8.0,84.0,84552,24.48
497,3:10 to Yuma,"Action, Adventure, Crime            ",2007,122,7.7,76.0,279081,53.61
498,Carlito's Way,"Crime, Drama, Thriller            ",1993,144,7.9,65.0,192571,36.95
499,Star Trek II: The Wrath of Khan,"Action, Adventure, Sci-Fi            ",1982,113,7.7,67.0,108942,78.91
500,Bonnie and Clyde,"Action, Biography, Crime            ",1967,111,7.8,86.0,98300,69.04371293001178
501,Before Sunset,"Drama, Romance            ",2004,80,8.0,90.0,221371,5.82
502,Enemy at the Gates,"Drama, History, War            ",2001,131,7.6,53.0,233877,51.4
503,Dirty Harry,"Action, Crime, Thriller            ",1971,102,7.7,90.0,137745,35.9
504,Castle in the Sky,"Animation, Adventure, Drama            ",1986,125,8.0,78.0,139890,69.04371293001178
505,"Crouching Tiger, Hidden Dragon","Action, Adventure, Fantasy            ",2000,120,7.8,94.0,246517,128.08
506,Harakiri,"Action, Drama, History            ",1962,133,8.7,85.0,32476,69.04371293001178
507,The Dirty Dozen,"Action, Adventure, War            ",1967,150,7.8,73.0,64364,45.3
508,Metropolis,"Drama, Sci-Fi            ",1927,153,8.3,98.0,152296,1.24
509,Eastern Promises,"Action, Crime, Drama            ",2007,100,7.6,82.0,220646,17.11
510,Gandhi,"Biography, Drama, History            ",1982,191,8.0,79.0,212504,52.77
511,A Fistful of Dollars,"Action, Drama, Western            ",1964,99,8.0,65.0,187278,14.5
512,The Boondock Saints,"Action, Crime, Thriller            ",1999,108,7.8,44.0,222253,0.03
513,PK,"Comedy, Drama, Fantasy            ",2014,153,8.1,77.51137724550898,150554,10.62
514,Dark City,"Mystery, Sci-Fi, Thriller            ",1998,100,7.6,66.0,182287,14.38
515,The Fly,"Drama, Horror, Sci-Fi            ",1986,96,7.5,79.0,152085,40.46
516,Awakenings,"Biography, Drama            ",1990,121,7.8,74.0,117680,52.1
517,Snow White and the Seven Dwarfs,"Animation, Family, Fantasy            ",1937,83,7.6,95.0,173473,184.93
518,Battle Royale,"Adventure, Drama, Sci-Fi            ",2000,114,7.6,81.0,163858,69.04371293001178
519,Dog Day Afternoon,"Biography, Crime, Drama            ",1975,125,8.0,86.0,226328,50.0
520,Changeling,"Biography, Crime, Drama            ",2008,141,7.7,63.0,229310,35.74
521,Like Stars on Earth,"Drama, Family            ",2007,165,8.4,77.51137724550898,154749,1.22
522,Kiki's Delivery Service,"Animation, Adventure, Drama            ",1989,103,7.8,83.0,111337,69.04371293001178
523,Malcolm X,"Biography, Drama, History            ",1992,202,7.7,72.0,79543,48.17
524,This Is Spinal Tap,"Comedy, Music            ",1984,82,7.9,92.0,124375,0.19
525,Hachi: A Dog's Tale,"Drama, Family            ",2009,93,8.1,77.51137724550898,238682,69.04371293001178
526,When Harry Met Sally...,"Comedy, Drama, Romance            ",1989,95,7.6,76.0,186130,92.82
527,Coraline,"Animation, Drama, Family            ",2009,100,7.7,80.0,186488,75.29
528,A Silent Voice: The Movie,"Animation, Drama, Family            ",2016,130,8.2,78.0,35407,69.04371293001178
529,Cool Hand Luke,"Crime, Drama            ",1967,127,8.1,92.0,155191,16.22
530,Dogville,"Crime, Drama            ",2003,178,8.0,60.0,132136,1.53
531,The Illusionist,"Drama, Fantasy, History            ",2006,110,7.6,68.0,346016,39.87
532,The Last Emperor,"Biography, Drama, History            ",1987,163,7.7,76.0,89420,43.98
533,Being John Malkovich,"Comedy, Drama, Fantasy            ",1999,113,7.7,90.0,297961,22.86
534,Paddington 2,"Adventure, Comedy, Family            ",2017,103,7.8,88.0,55117,40.44
535,The Color Purple,Drama            ,1985,154,7.8,78.0,74466,98.47
536,"Paris, Texas",Drama            ,1984,145,8.1,78.0,81904,2.18
537,A Bronx Tale,"Crime, Drama, Romance            ",1993,121,7.8,80.0,122248,17.27
538,In the Name of the Father,"Biography, Drama            ",1993,133,8.1,84.0,148692,25.01
539,Lord of War,"Action, Crime, Drama            ",2005,122,7.6,62.0,286020,24.15
540,Roman Holiday,"Comedy, Romance            ",1953,118,8.0,78.0,122084,69.04371293001178
541,The Lego Movie,"Animation, Action, Adventure            ",2014,100,7.7,83.0,315215,257.76
542,Despicable Me,"Animation, Comedy, Family            ",2010,95,7.6,72.0,483192,251.51
543,Amores Perros,"Drama, Thriller            ",2000,154,8.1,83.0,214816,5.38
544,Network,Drama            ,1976,121,8.1,83.0,138294,69.04371293001178
545,I Am Sam,Drama            ,2001,132,7.7,28.0,139452,40.31
546,Cold War,"Drama, History, Music            ",2018,89,7.6,90.0,42731,4.57
547,Midnight Express,"Biography, Crime, Drama            ",1978,121,7.6,59.0,69699,35.0
548,21 Grams,"Crime, Drama, Thriller            ",2003,124,7.7,70.0,218493,16.25
549,Rebecca,"Drama, Mystery, Romance            ",1940,130,8.1,86.0,116259,4.36
550,"Blood In, Blood Out","Crime, Drama            ",1993,180,8.0,47.0,27720,4.5
551,Gangs of Wasseypur,"Action, Comedy, Crime            ",2012,321,8.2,89.0,74421,69.04371293001178
552,Kung Fu Hustle,"Action, Comedy, Fantasy            ",2004,99,7.7,78.0,121929,17.11
553,Winter Sleep,Drama            ,2014,196,8.2,88.0,41312,0.17
554,To Have and Have Not,"Adventure, Comedy, Film-Noir            ",1944,100,7.8,77.51137724550898,29465,69.04371293001178
555,Ran,"Action, Drama, War            ",1985,162,8.2,96.0,105155,3.52
556,The Artist,"Comedy, Drama, Romance            ",2011,100,7.9,89.0,223648,44.67
557,After Hours,"Comedy, Crime, Drama            ",1985,97,7.7,90.0,54315,10.6
558,The Holy Mountain,"Adventure, Drama, Fantasy            ",1973,114,7.9,77.51137724550898,34123,0.06
559,Adaptation.,"Comedy, Drama            ",2002,115,7.7,83.0,170718,22.25
560,Lucky Number Slevin,"Crime, Drama, Mystery            ",2006,110,7.7,53.0,294073,22.49
561,The Name of the Rose,"Crime, Drama, Mystery            ",1986,130,7.7,54.0,97739,7.15
562,The Man Who Shot Liberty Valance,"Drama, Western            ",1962,123,8.1,94.0,65628,69.04371293001178
563,The Searchers,"Adventure, Drama, Western            ",1956,119,7.9,94.0,76529,69.04371293001178
564,Before Midnight,"Drama, Romance            ",2013,109,7.9,94.0,131479,8.11
565,When Marnie Was There,"Animation, Drama, Family            ",2014,103,7.7,72.0,27697,0.77
566,Hotel Rwanda,"Biography, Drama, History            ",2004,121,8.1,79.0,324186,23.53
567,50/50,"Comedy, Drama, Romance            ",2011,100,7.6,72.0,308431,35.01
568,Charade,"Comedy, Mystery, Romance            ",1963,113,7.9,83.0,63896,13.47
569,Beasts of No Nation,"Drama, War            ",2015,137,7.7,79.0,68843,0.08
570,La Haine,"Crime, Drama            ",1995,98,8.1,77.51137724550898,139258,0.31
571,The Raid 2,"Action, Crime, Thriller            ",2014,150,8.0,71.0,109313,2.63
572,Dawn of the Dead,"Horror, Thriller            ",1978,127,7.9,71.0,107383,5.1
573,JFK,"Drama, History, Thriller            ",1991,189,8.0,72.0,135729,70.41
574,Ghost in the Shell,"Animation, Action, Crime            ",1995,83,8.0,76.0,122221,0.52
575,Drishyam,"Crime, Drama, Mystery            ",2015,163,8.2,77.51137724550898,61545,0.74
576,Paths of Glory,"Drama, War            ",1957,88,8.4,77.51137724550898,167115,69.04371293001178
577,Loving Vincent,"Animation, Biography, Crime            ",2017,94,7.8,62.0,45705,6.74
578,Doctor Zhivago,"Drama, Romance, War            ",1965,197,8.0,69.0,66975,111.72
579,The Great Beauty,Drama            ,2013,141,7.8,86.0,76618,2.85
580,Sing Street,"Comedy, Drama, Music            ",2016,106,7.9,79.0,80254,3.24
581,The Nightmare Before Christmas,"Animation, Family, Fantasy            ",1993,76,8.0,82.0,280775,75.08
582,Kramer vs. Kramer,Drama            ,1979,105,7.8,77.0,125810,106.26
583,Glory,"Biography, Drama, History            ",1989,122,7.8,78.0,116363,26.83
584,Only the Brave,"Action, Biography, Drama            ",2017,134,7.6,72.0,52375,18.34
585,Enter the Dragon,"Action, Crime, Drama            ",1973,102,7.7,83.0,92467,25.0
586,The Wrestler,"Drama, Sport            ",2008,109,7.9,80.0,283282,26.24
587,Let the Right One In,"Drama, Horror, Romance            ",2008,114,7.9,82.0,200179,2.12
588,Flipped,"Comedy, Drama, Romance            ",2010,90,7.7,45.0,78025,1.75
589,"Planes, Trains & Automobiles","Comedy, Drama            ",1987,93,7.6,72.0,116797,49.53
590,The French Connection,"Action, Crime, Drama            ",1971,104,7.7,94.0,104553,15.63
591,Rashomon,"Crime, Drama, Mystery            ",1950,88,8.2,98.0,143683,0.1
592,Persona,"Drama, Thriller            ",1966,83,8.1,86.0,94463,69.04371293001178
593,The Bridge on the River Kwai,"Adventure, Drama, War            ",1957,161,8.1,87.0,194468,44.91
594,The Wild Bunch,"Action, Adventure, Western            ",1969,135,7.9,97.0,74696,12.06
595,The Bridges of Madison County,"Drama, Romance            ",1995,135,7.6,66.0,69040,71.52
596,Night of the Living Dead,Horror            ,1968,96,7.9,89.0,110710,0.09
597,A Streetcar Named Desire,Drama            ,1951,122,8.0,97.0,95179,8.0
598,Chungking Express,"Comedy, Crime, Drama            ",1994,102,8.1,77.0,57416,0.6
599,Me and Earl and the Dying Girl,"Comedy, Drama            ",2015,105,7.7,74.0,118074,6.74
600,A Little Princess,"Drama, Family, Fantasy            ",1995,97,7.7,83.0,30804,10.02
601,Perfect Blue,"Animation, Horror, Mystery            ",1997,81,8.0,77.51137724550898,50222,0.78
602,The Straight Story,"Biography, Drama            ",1999,112,8.0,86.0,77975,6.2
603,Rope,"Crime, Drama, Mystery            ",1948,80,8.0,73.0,121972,69.04371293001178
604,Dial M for Murder,"Crime, Thriller            ",1954,105,8.2,75.0,148563,0.01
605,8½,Drama            ,1963,138,8.0,77.51137724550898,103743,0.05
606,Modern Times,"Comedy, Drama, Family            ",1936,87,8.5,96.0,204796,0.16
607,The Secret World of Arrietty,"Animation, Adventure, Family            ",2010,94,7.6,80.0,73890,19.2
608,M,"Crime, Mystery, Thriller            ",1931,99,8.3,77.51137724550898,135502,0.03
609,Badlands,"Crime, Drama            ",1973,94,7.8,93.0,62061,69.04371293001178
610,The Man from Nowhere,"Action, Drama, Thriller            ",2010,119,7.8,77.51137724550898,58787,0.01
611,The Fall,"Adventure, Drama, Fantasy            ",2006,117,7.9,64.0,104344,2.28
612,How to Train Your Dragon 2,"Animation, Action, Adventure            ",2014,102,7.8,76.0,293072,177.0
613,Hero,"Action, Adventure, History            ",2002,107,7.9,85.0,170119,53.71
614,All the President's Men,"Biography, Drama, History            ",1976,138,8.0,80.0,97417,70.6
615,October Sky,"Biography, Drama, Family            ",1999,108,7.8,71.0,78408,32.48
616,On the Waterfront,"Crime, Drama, Thriller            ",1954,108,8.1,91.0,134959,9.6
617,Witness for the Prosecution,"Crime, Drama, Film-Noir            ",1957,116,8.4,77.51137724550898,100312,8.18
618,Cinderella Man,"Biography, Drama, History            ",2005,144,8.0,69.0,171130,61.65
619,The Insider,"Biography, Drama, Thriller            ",1999,157,7.8,84.0,154570,28.97
620,Gully Boy,"Drama, Musical            ",2019,153,8.2,65.0,26127,5.57
621,Clerks,Comedy            ,1994,92,7.7,70.0,207021,3.15
622,The Tenant,"Drama, Thriller            ",1976,126,7.7,77.51137724550898,37062,1.92
623,The Mirror,"Biography, Drama            ",1975,107,8.1,77.51137724550898,36174,0.18
624,La Dolce Vita,"Comedy, Drama            ",1960,174,8.0,95.0,62565,19.52
625,Kal ho naa ho,"Comedy, Drama, Romance            ",2003,186,8.0,54.0,60251,1.79
626,"Synecdoche, New York","Comedy, Drama            ",2008,124,7.6,67.0,77063,3.08
627,Ray,"Biography, Drama, Music            ",2004,152,7.7,73.0,133244,75.33
628,The King of Comedy,"Comedy, Crime, Drama            ",1982,109,7.8,73.0,80220,2.5
629,Lady Vengeance,"Crime, Drama, Thriller            ",2005,115,7.6,75.0,68189,0.21
630,Rushmore,"Comedy, Drama            ",1998,93,7.7,86.0,162908,17.11
631,Miller's Crossing,"Crime, Drama, Thriller            ",1990,115,7.8,66.0,121910,5.08
632,My Fair Lady,"Drama, Family, Musical            ",1964,170,7.8,95.0,83159,72.0
633,Baahubali: The Beginning,"Action, Drama            ",2015,159,8.1,77.51137724550898,97585,6.74
634,Falling Down,"Crime, Drama, Thriller            ",1993,113,7.6,56.0,162645,40.9
635,Ordinary People,Drama            ,1980,124,7.7,87.0,44513,54.8
636,All About Eve,Drama            ,1950,138,8.2,98.0,114802,0.01
637,Perfect Strangers,"Comedy, Drama            ",2016,96,7.8,77.51137724550898,51752,69.04371293001178
638,Rebel Without a Cause,Drama            ,1955,111,7.7,87.0,79783,69.04371293001178
639,Children of Heaven,"Drama, Family, Sport            ",1997,89,8.3,77.51137724550898,59404,0.93
640,National Lampoon's Christmas Vacation,Comedy            ,1989,97,7.6,49.0,146872,71.32
641,Andrei Rublev,"Biography, Drama, History            ",1966,205,8.2,77.51137724550898,42793,0.1
642,Key Largo,"Action, Crime, Drama            ",1948,100,7.8,77.51137724550898,35553,69.04371293001178
643,Zulu,"Drama, History, War            ",1964,138,7.7,77.0,34464,69.04371293001178
644,The Iron Giant,"Animation, Action, Adventure            ",1999,86,8.0,85.0,164862,23.16
645,The Outlaw Josey Wales,Western            ,1976,135,7.9,69.0,62687,31.8
646,Ed Wood,"Biography, Comedy, Drama            ",1994,127,7.8,70.0,161169,5.89
647,Underground,"Comedy, Drama, War            ",1995,167,8.1,77.51137724550898,53146,0.17
648,The Great Dictator,"Comedy, Drama, War            ",1940,125,8.4,77.51137724550898,192019,69.04371293001178
649,A Man for All Seasons,"Biography, Drama, History            ",1966,120,7.7,72.0,29698,28.35
650,Dancer in the Dark,"Crime, Drama, Musical            ",2000,140,8.0,61.0,97987,4.18
651,Yojimbo,"Action, Drama, Thriller            ",1961,110,8.2,77.51137724550898,104073,69.04371293001178
652,Dangerous Liaisons,"Drama, Romance            ",1988,119,7.6,74.0,62066,34.7
653,Finding Neverland,"Biography, Drama, Family            ",2004,106,7.7,67.0,194453,51.68
654,The Last King of Scotland,"Biography, Drama, History            ",2006,123,7.7,74.0,170489,17.61
655,Sabrina,"Comedy, Drama, Romance            ",1954,113,7.7,72.0,56168,69.04371293001178
656,Short Term 12,Drama            ,2013,96,8.0,82.0,77435,1.01
657,Ayla: The Daughter of War,"Biography, Drama, History            ",2017,125,8.5,77.51137724550898,30336,69.04371293001178
658,Funny Games,"Crime, Drama, Thriller            ",1997,108,7.6,69.0,60471,69.04371293001178
659,Double Indemnity,"Crime, Drama, Film-Noir            ",1944,107,8.3,95.0,135653,5.72
660,Guess Who's Coming to Dinner,"Comedy, Drama            ",1967,108,7.8,63.0,37142,56.7
661,The Third Man,"Film-Noir, Mystery, Thriller            ",1949,93,8.1,97.0,151839,0.45
662,This Is England,"Crime, Drama            ",2006,101,7.7,86.0,112834,0.33
663,The Remains of the Day,"Drama, Romance            ",1993,134,7.8,84.0,61761,22.95
664,Breathless,"Crime, Drama            ",1960,90,7.9,77.51137724550898,68816,0.34
665,The Tale of The Princess Kaguya,"Animation, Adventure, Drama            ",2013,137,8.0,89.0,33395,1.51
666,The Chaser,"Action, Crime, Thriller            ",2008,125,7.9,64.0,53891,69.04371293001178
667,Naked,"Comedy, Drama            ",1993,132,7.8,84.0,32182,1.77
668,The Taking of Pelham One Two Three,"Action, Crime, Thriller            ",1974,104,7.7,68.0,25050,69.04371293001178
669,Glengarry Glen Ross,"Crime, Drama, Mystery            ",1992,100,7.7,80.0,91877,10.73
670,High and Low,"Crime, Drama, Mystery            ",1963,143,8.5,77.51137724550898,27756,69.04371293001178
671,Victoria,"Crime, Drama, Romance            ",2015,138,7.6,77.0,48551,69.04371293001178
672,Paper Moon,"Comedy, Drama            ",1973,102,8.0,77.0,39991,30.93
673,Kubo and the Two Strings,"Animation, Action, Adventure            ",2016,101,7.8,84.0,112362,48.02
674,Mississippi Burning,"Crime, Drama, History            ",1988,128,7.8,65.0,83005,34.6
675,Blow-Up,"Drama, Mystery, Thriller            ",1966,111,7.6,82.0,53449,69.04371293001178
676,Belle de Jour,Drama            ,1967,100,7.7,77.51137724550898,37896,0.03
677,Porco Rosso,"Animation, Adventure, Comedy            ",1992,94,7.7,83.0,69917,69.04371293001178
678,Three Colors: Blue,"Drama, Music, Mystery            ",1993,94,7.9,85.0,83177,1.32
679,Letters from Iwo Jima,"Action, Adventure, Drama            ",2006,141,7.9,89.0,150059,13.76
680,Blood Simple,"Crime, Drama, Thriller            ",1984,99,7.6,81.0,83177,2.15
681,Wings of Desire,"Drama, Fantasy, Romance            ",1987,128,8.0,79.0,61172,3.33
682,Wild Strawberries,"Drama, Romance            ",1957,91,8.2,77.51137724550898,89692,69.04371293001178
683,Mary and Max,"Animation, Comedy, Drama            ",2009,92,8.1,77.51137724550898,157699,69.04371293001178
684,Mommy,Drama            ,2014,139,8.1,74.0,46635,3.49
685,Cabaret,"Drama, Musical            ",1972,124,7.8,80.0,46064,42.77
686,My Left Foot,"Biography, Drama            ",1989,103,7.9,97.0,64350,14.74
687,In the Heat of the Night,"Crime, Drama, Mystery            ",1967,110,7.9,75.0,63928,24.38
688,Throne of Blood,"Drama, History            ",1957,110,8.1,77.51137724550898,42624,69.04371293001178
689,The Longest Day,"Action, Drama, History            ",1962,178,7.8,75.0,50619,39.1
690,Sympathy for Mr. Vengeance,"Action, Drama, Thriller            ",2002,129,7.6,56.0,59382,0.05
691,The Right Stuff,"Adventure, Biography, Drama            ",1983,193,7.8,91.0,54113,21.5
692,Open Your Eyes,"Drama, Mystery, Sci-Fi            ",1997,117,7.8,77.51137724550898,61705,0.37
693,The Muppet Movie,"Adventure, Comedy, Family            ",1979,95,7.6,74.0,31074,76.66
694,Pride,"Biography, Comedy, Drama            ",2014,119,7.8,79.0,49114,69.04371293001178
695,Evil Dead II,"Comedy, Horror            ",1987,84,7.8,69.0,142120,5.92
696,Freaks,Drama            ,1932,64,7.9,80.0,40236,69.04371293001178
697,All That Jazz,"Drama, Music, Musical            ",1979,123,7.9,72.0,26115,37.82
698,Frost/Nixon,"Biography, Drama, History            ",2008,122,7.7,80.0,99573,18.59
699,Shane,"Drama, Western            ",1953,118,7.6,80.0,35280,20.0
700,The Motorcycle Diaries,"Adventure, Biography, Drama            ",2004,126,7.8,75.0,93949,16.76
701,High Noon,"Drama, Thriller, Western            ",1952,85,7.9,89.0,93887,9.45
702,Harold and Maude,"Comedy, Drama, Romance            ",1971,91,7.9,62.0,68064,69.04371293001178
703,Fantasia,"Animation, Family, Fantasy            ",1940,125,7.8,96.0,85120,76.41
704,The Maltese Falcon,"Film-Noir, Mystery            ",1941,100,8.0,96.0,144652,2.11
705,Nosferatu,"Fantasy, Horror            ",1922,94,7.9,77.51137724550898,84771,69.04371293001178
706,Strangers on a Train,"Crime, Film-Noir, Thriller            ",1951,101,8.0,88.0,118517,7.63
707,The Kid,"Comedy, Drama, Family            ",1921,68,8.3,77.51137724550898,105260,5.45
708,Bicycle Thieves,Drama            ,1948,89,8.3,77.51137724550898,136636,0.33
709,The Invisible Man,"Horror, Sci-Fi            ",1933,71,7.7,77.51137724550898,28371,69.04371293001178
710,The Killing,"Crime, Drama, Film-Noir            ",1956,84,8.0,77.51137724550898,77533,69.04371293001178
711,Pink Floyd: The Wall,"Animation, Drama, Fantasy            ",1982,95,8.0,47.0,73265,22.24
712,The 400 Blows,"Crime, Drama            ",1959,99,8.1,77.51137724550898,98280,69.04371293001178
713,Breaking the Waves,Drama            ,1996,159,7.9,76.0,59863,4.04
714,Three Colors: Red,"Drama, Mystery, Romance            ",1994,99,8.1,100.0,84622,4.04
715,Fanny and Alexander,Drama            ,1982,188,8.1,100.0,54390,4.97
716,Fitzcarraldo,"Adventure, Drama            ",1982,158,8.1,77.51137724550898,29303,69.04371293001178
717,Uri: The Surgical Strike,"Action, Drama, War            ",2019,138,8.3,77.51137724550898,38422,4.19
718,Lagaan: Once Upon a Time in India,"Adventure, Drama, Musical            ",2001,224,8.1,84.0,99084,0.07
719,K.G.F: Chapter 1,"Action, Drama            ",2018,156,8.2,77.51137724550898,29205,69.04371293001178
720,Detachment,Drama            ,2011,98,7.7,52.0,72952,0.07
721,The Message,"Biography, Drama, History            ",1976,177,8.2,77.51137724550898,41754,69.04371293001178
722,The Double Life of Véronique,"Drama, Fantasy, Music            ",1991,98,7.8,86.0,39000,2.0
723,All About My Mother,Drama            ,1999,101,7.8,87.0,85012,8.26
724,The Treasure of the Sierra Madre,"Adventure, Drama, Western            ",1948,126,8.2,98.0,108658,5.01
725,"I, Daniel Blake",Drama            ,2016,100,7.9,78.0,48976,0.26
726,Barton Fink,"Comedy, Drama, Thriller            ",1991,116,7.7,69.0,108499,6.15
727,Run Lola Run,"Crime, Drama, Thriller            ",1998,80,7.6,77.0,183525,7.27
728,Delicatessen,"Comedy, Crime            ",1991,99,7.6,66.0,77833,1.79
729,Amour,"Drama, Romance            ",2012,127,7.9,93.0,89023,6.74
730,Kelly's Heroes,"Adventure, Comedy, War            ",1970,144,7.6,50.0,43335,1.38
731,Repulsion,"Drama, Horror, Thriller            ",1965,105,7.7,91.0,46296,69.04371293001178
732,The Life of David Gale,"Crime, Drama, Thriller            ",2003,130,7.6,31.0,105003,19.59
733,What Ever Happened to Baby Jane?,"Drama, Horror, Thriller            ",1962,134,8.1,75.0,47584,4.05
734,Ikiru,Drama            ,1952,143,8.3,77.51137724550898,62776,0.06
735,The Cabinet of Dr. Caligari,"Fantasy, Horror, Mystery            ",1920,67,8.1,77.51137724550898,53839,69.04371293001178
736,The Killing Fields,"Biography, Drama, History            ",1984,141,7.8,76.0,49448,34.7
737,Being There,"Comedy, Drama            ",1979,130,8.0,83.0,62881,30.18
738,Nebraska,"Adventure, Comedy, Drama            ",2013,115,7.7,86.0,108888,17.65
739,Where Eagles Dare,"Action, Adventure, War            ",1968,158,7.7,63.0,49545,69.04371293001178
740,La Vie En Rose,"Biography, Drama, Music            ",2007,140,7.6,66.0,80055,10.3
741,Paprika,"Animation, Drama, Fantasy            ",2006,90,7.7,81.0,65743,0.88
742,Hedwig and the Angry Inch,"Comedy, Drama, Music            ",2001,95,7.7,85.0,30841,3.03
743,City Lights,"Comedy, Drama, Romance            ",1931,87,8.5,99.0,157586,0.02
744,Dead Man,"Adventure, Drama, Fantasy            ",1995,121,7.6,62.0,87011,1.04
745,Mustang,Drama            ,2015,97,7.6,83.0,33406,0.85
746,Gettysburg,"Drama, History, War            ",1993,271,7.6,77.51137724550898,25246,10.77
747,Happiness,"Comedy, Drama            ",1998,134,7.7,81.0,64386,2.81
748,The Red Shoes,"Drama, Music, Romance            ",1948,135,8.1,77.51137724550898,28483,10.9
749,Black Book,"Drama, Thriller, War            ",2006,145,7.7,71.0,70381,4.4
750,Giant,"Drama, Western            ",1956,201,7.6,84.0,32529,35.0
751,Contempt,"Drama, Romance            ",1963,102,7.6,77.51137724550898,26597,0.04
752,Patton,"Biography, Drama, War            ",1970,172,7.9,91.0,90992,61.7
753,Ninja Scroll,"Animation, Action, Adventure            ",1993,94,7.9,77.51137724550898,33096,69.04371293001178
754,Talk to Her,"Drama, Mystery, Romance            ",2002,112,7.9,86.0,100927,9.28
755,King Kong,"Adventure, Horror, Sci-Fi            ",1933,100,7.9,90.0,76229,10.0
756,Short Cuts,"Comedy, Drama            ",1993,188,7.7,79.0,40890,6.11
757,Zindagi Na Milegi Dobara,"Comedy, Drama            ",2011,155,8.1,77.51137724550898,62964,3.11
758,The Producers,"Comedy, Music            ",1967,88,7.6,96.0,48017,0.11
759,My Name Is Khan,Drama            ,2010,165,8.0,50.0,94598,4.02
760,Notorious,"Drama, Film-Noir, Romance            ",1946,102,7.9,100.0,88405,10.46
761,"Aguirre, the Wrath of God","Action, Adventure, Biography            ",1972,95,7.9,77.51137724550898,49418,69.04371293001178
762,Withnail & I,"Comedy, Drama            ",1987,107,7.7,84.0,38279,1.54
763,25th Hour,Drama            ,2002,135,7.6,67.0,165835,13.06
764,Cell 211,"Action, Adventure, Crime            ",2009,113,7.6,77.51137724550898,61714,69.04371293001178
765,Anatomy of a Murder,"Crime, Drama, Mystery            ",1959,161,8.0,95.0,56546,11.9
766,The Day the Earth Stood Still,"Drama, Sci-Fi            ",1951,92,7.7,77.51137724550898,74476,69.04371293001178
767,The Big Sleep,"Crime, Film-Noir, Mystery            ",1946,114,7.9,77.51137724550898,76212,6.54
768,From Here to Eternity,"Drama, Romance, War            ",1953,118,7.6,85.0,41190,30.5
769,Stagecoach,"Adventure, Drama, Western            ",1939,96,7.9,93.0,40723,69.04371293001178
770,Once,"Drama, Music, Romance            ",2007,86,7.8,88.0,107707,9.44
771,The Quiet Man,"Comedy, Drama, Romance            ",1952,129,7.8,77.51137724550898,33155,10.55
772,Judgment at Nuremberg,"Drama, War            ",1961,179,8.2,60.0,65415,69.04371293001178
773,Touch of Evil,"Crime, Drama, Film-Noir            ",1958,95,8.0,99.0,95381,2.24
774,A Very Long Engagement,"Drama, Mystery, Romance            ",2004,133,7.6,76.0,69533,6.17
775,Bajrangi Bhaijaan,"Action, Comedy, Drama            ",2015,163,8.0,77.51137724550898,67739,8.18
776,Once Upon a Time in Anatolia,"Crime, Drama            ",2011,157,7.9,82.0,37985,0.14
777,The Wave,"Drama, Thriller            ",2008,107,7.6,77.51137724550898,98836,69.04371293001178
778,The Salesman,"Drama, Thriller            ",2016,124,7.8,85.0,46259,2.4
779,The White Ribbon,"Drama, History, Mystery            ",2009,144,7.8,82.0,65653,2.22
780,"Spring, Summer, Fall, Winter... and Spring","Drama, Romance            ",2003,103,8.0,85.0,74054,2.38
781,Hamlet,Drama            ,1996,242,7.7,77.51137724550898,35102,4.41
782,His Girl Friday,"Comedy, Drama, Romance            ",1940,92,7.9,77.51137724550898,50830,0.3
783,Loveless,Drama            ,2017,127,7.6,86.0,26685,0.57
784,The Lion in Winter,"Biography, Drama, History            ",1968,134,7.9,77.51137724550898,27958,22.28
785,My Father and My Son,"Drama, Family            ",2005,108,8.3,77.51137724550898,73568,69.04371293001178
786,All Quiet on the Western Front,"Drama, War            ",1930,152,8.0,91.0,55350,3.27
787,The African Queen,"Adventure, Drama, Romance            ",1951,105,7.7,91.0,68944,0.54
788,East of Eden,Drama            ,1955,118,7.9,72.0,38508,69.04371293001178
789,It Happened One Night,"Comedy, Romance            ",1934,105,8.1,87.0,88976,4.36
790,Red River,"Action, Adventure, Romance            ",1948,133,7.8,77.51137724550898,26744,69.04371293001178
791,Waking Life,"Animation, Drama, Fantasy            ",2001,99,7.8,82.0,58940,2.89
792,Volver,"Comedy, Drama            ",2006,121,7.6,84.0,91461,12.9
793,Leviathan,"Crime, Drama            ",2014,140,7.6,92.0,46343,1.09
794,Infernal Affairs,"Crime, Drama, Mystery            ",2002,101,8.0,75.0,114803,0.17
795,The Secret of NIMH,"Animation, Adventure, Drama            ",1982,82,7.6,76.0,34771,10.14
796,Thank You for Smoking,"Comedy, Drama            ",2005,92,7.6,71.0,209512,24.79
797,A Prophet,"Crime, Drama            ",2009,155,7.9,90.0,90546,2.08
798,Ivan's Childhood,"Drama, War            ",1962,84,8.1,77.51137724550898,28815,69.04371293001178
799,5 Centimeters Per Second,"Animation, Drama, Family            ",2007,63,7.6,77.51137724550898,47451,69.04371293001178
800,The Bandit,"Crime, Drama, Thriller            ",1996,128,8.3,77.51137724550898,59673,69.04371293001178
801,Tokyo Story,Drama            ,1953,136,8.2,77.51137724550898,47899,69.04371293001178
802,Swades,Drama            ,2004,189,8.2,77.51137724550898,78573,1.22
803,Good Bye Lenin!,"Comedy, Drama, Romance            ",2003,121,7.7,68.0,133379,4.06
804,The Grapes of Wrath,"Drama, History            ",1940,129,8.0,96.0,83481,0.06
805,Neon Genesis Evangelion: The End of Evangelion,"Animation, Action, Drama            ",1997,87,8.1,77.51137724550898,33927,69.04371293001178
806,The Diving Bell and the Butterfly,"Biography, Drama            ",2007,112,8.0,92.0,100747,5.99
807,Sholay,"Action, Adventure, Comedy            ",1975,162,8.2,77.51137724550898,48979,69.04371293001178
808,The Hidden Fortress,"Adventure, Drama            ",1958,126,8.1,77.51137724550898,31807,69.04371293001178
809,Rang De Basanti,"Comedy, Drama            ",2006,167,8.2,77.51137724550898,105671,2.2
810,The Station Agent,"Comedy, Drama            ",2003,89,7.6,81.0,65754,5.74
811,The Exterminating Angel,"Drama, Fantasy            ",1962,95,8.1,77.51137724550898,27677,69.04371293001178
812,Shadow of a Doubt,Thriller            ,1943,108,7.8,94.0,56469,69.04371293001178
813,The Little Prince,"Animation, Adventure, Drama            ",2015,108,7.7,70.0,53361,1.34
814,Confessions,"Drama, Thriller            ",2010,106,7.8,77.51137724550898,33830,69.04371293001178
815,Song of the Sea,"Animation, Adventure, Drama            ",2014,93,8.1,85.0,47523,0.86
816,Land of Mine,"Drama, History, War            ",2015,100,7.8,75.0,31606,0.44
817,A Man Called Ove,"Comedy, Drama, Romance            ",2015,116,7.7,70.0,43056,3.36
818,Dead Man's Shoes,"Crime, Drama, Thriller            ",2004,90,7.6,52.0,47817,0.01
819,Hera Pheri,"Action, Comedy, Crime            ",2000,156,8.2,77.51137724550898,51895,69.04371293001178
820,The Philadelphia Story,"Comedy, Romance            ",1940,112,7.9,96.0,60755,69.04371293001178
821,Amarcord,"Comedy, Drama            ",1973,123,7.9,77.51137724550898,37673,69.04371293001178
822,Down by Law,"Comedy, Crime, Drama            ",1986,107,7.8,75.0,45724,1.44
823,The Verdict,Drama            ,1982,129,7.7,77.0,33989,54.0
824,Who's Afraid of Virginia Woolf?,Drama            ,1966,131,8.0,75.0,66522,69.04371293001178
825,Watership Down,"Animation, Adventure, Drama            ",1978,91,7.6,64.0,32354,69.04371293001178
826,The Manchurian Candidate,"Drama, Thriller            ",1962,126,7.9,94.0,69312,69.04371293001178
827,Kagemusha,"Drama, History, War            ",1980,162,8.0,84.0,30263,69.04371293001178
828,Crimes and Misdemeanors,"Comedy, Drama            ",1989,104,7.9,77.0,52495,18.25
829,"South Park: Bigger, Longer & Uncut","Animation, Comedy, Fantasy            ",1999,81,7.7,73.0,187755,52.01
830,Elite Squad,"Action, Crime, Drama            ",2007,115,8.1,33.0,95001,0.01
831,On Golden Pond,Drama            ,1981,109,7.6,68.0,26419,119.29
832,The Innocents,Horror            ,1961,100,7.8,88.0,25161,2.62
833,The Legend of 1900,"Drama, Music, Romance            ",1998,169,8.1,58.0,56021,0.26
834,Talvar,"Crime, Drama, Mystery            ",2015,132,8.2,77.51137724550898,27820,0.34
835,Gilda,"Drama, Film-Noir, Romance            ",1946,110,7.7,77.51137724550898,26262,69.04371293001178
836,Stalag 17,"Comedy, Drama, War            ",1953,120,8.0,84.0,49491,69.04371293001178
837,The Hurricane,"Biography, Drama, Sport            ",1999,146,7.6,74.0,88815,50.67
838,Mysterious Skin,Drama            ,2004,105,7.6,73.0,64079,0.7
839,Kahaani,"Mystery, Thriller            ",2012,122,8.1,77.51137724550898,54559,1.04
840,Pink,"Drama, Thriller            ",2016,136,8.1,77.51137724550898,35537,1.24
841,Le Samouraï,"Crime, Drama, Mystery            ",1967,101,8.1,77.51137724550898,42309,0.04
842,The Adventures of Robin Hood,"Action, Adventure, Romance            ",1938,102,7.9,97.0,45453,3.98
843,The Lunchbox,"Drama, Romance            ",2013,104,7.8,76.0,45071,4.23
844,Three Colors: White,"Comedy, Drama, Romance            ",1994,92,7.7,88.0,59415,1.46
845,Hannah and Her Sisters,"Comedy, Drama            ",1986,107,7.9,90.0,64313,40.08
846,3-Iron,"Crime, Drama, Romance            ",2004,88,8.0,72.0,47178,0.24
847,Frankenstein,"Drama, Horror, Sci-Fi            ",1931,70,7.8,91.0,61850,69.04371293001178
848,The Day of the Jackal,"Crime, Drama, Thriller            ",1973,143,7.8,80.0,35743,16.06
849,Pierrot le Fou,"Crime, Drama, Romance            ",1965,110,7.6,77.51137724550898,27172,69.04371293001178
850,The Broken Circle Breakdown,"Drama, Music, Romance            ",2012,111,7.8,70.0,37891,0.18
851,The Best Years of Our Lives,"Drama, Romance, War            ",1946,170,8.0,93.0,55244,23.65
852,Wait Until Dark,"Horror, Thriller            ",1967,108,7.8,81.0,26491,17.55
853,The Conformist,Drama            ,1970,113,8.0,100.0,25047,0.54
854,The Experiment,"Drama, Thriller            ",2001,120,7.7,60.0,89003,0.14
855,Once Were Warriors,"Crime, Drama            ",1994,102,7.9,77.0,30377,2.2
856,The Lady Vanishes,"Film-Noir, Mystery, Thriller            ",1938,96,7.8,77.51137724550898,44855,69.04371293001178
857,The Sea Inside,"Biography, Drama            ",2004,126,8.0,74.0,75112,2.09
858,Night on Earth,"Comedy, Drama            ",1991,129,7.8,68.0,52703,2.02
859,The Hustler,"Drama, Sport            ",1961,134,8.0,90.0,72825,69.04371293001178
860,The Discreet Charm of the Bourgeoisie,Comedy            ,1972,102,7.9,93.0,35810,0.2
861,Peeping Tom,"Drama, Horror, Thriller            ",1960,101,7.7,77.51137724550898,28758,0.08
862,"Duck, You Sucker","Drama, War, Western            ",1971,138,7.7,77.0,28168,69.04371293001178
863,About Elly,"Drama, Mystery, Thriller            ",2009,119,8.0,87.0,41547,0.11
864,Sleuth,"Mystery, Thriller            ",1972,138,8.0,77.51137724550898,43329,69.04371293001178
865,Laura,"Drama, Film-Noir, Mystery            ",1944,88,8.0,77.51137724550898,40578,4.36
866,The Gold Rush,"Adventure, Comedy, Drama            ",1925,95,8.2,77.51137724550898,94467,5.45
867,My Sassy Girl,"Comedy, Drama, Romance            ",2001,123,8.0,77.51137724550898,43792,69.04371293001178
868,"Black Cat, White Cat","Comedy, Crime, Romance            ",1998,127,8.1,73.0,48922,0.35
869,Dilwale Dulhania Le Jayenge,"Drama, Romance            ",1995,181,8.1,77.51137724550898,60379,69.04371293001178
870,Head-On,"Drama, Romance            ",2004,121,7.9,78.0,48941,69.04371293001178
871,Wolf Children,"Animation, Drama, Family            ",2012,117,8.1,71.0,35426,69.04371293001178
872,Deep Red,"Horror, Mystery, Thriller            ",1975,127,7.6,89.0,29634,69.04371293001178
873,Cat on a Hot Tin Roof,Drama            ,1958,108,8.0,80.0,42787,17.57
874,The Man Who Would Be King,"Adventure, History, War            ",1975,129,7.8,91.0,42387,69.04371293001178
875,The Celebration,Drama            ,1998,105,8.0,82.0,75402,1.65
876,A Wednesday,"Crime, Drama, Mystery            ",2008,104,8.1,77.51137724550898,70896,69.04371293001178
877,The Wages of Fear,"Adventure, Drama, Thriller            ",1953,131,8.1,77.51137724550898,51236,69.04371293001178
878,Ace in the Hole,"Drama, Film-Noir            ",1951,111,8.1,72.0,28668,3.97
879,The Vanishing,"Mystery, Thriller            ",1988,107,7.7,77.51137724550898,31491,69.04371293001178
880,The 39 Steps,"Film-Noir, Mystery, Thriller            ",1935,86,7.7,77.51137724550898,49067,69.04371293001178
881,A Christmas Story,"Comedy, Family            ",1983,94,8.0,77.0,126923,20.61
882,Bhaag Milkha Bhaag,"Biography, Drama, Sport            ",2013,186,8.2,77.51137724550898,57589,1.63
883,Cries & Whispers,Drama            ,1972,91,8.1,77.51137724550898,27974,69.04371293001178
884,Love and Death,"Comedy, War            ",1975,85,7.7,89.0,34399,69.04371293001178
885,Mr. Smith Goes to Washington,"Comedy, Drama            ",1939,129,8.1,73.0,102320,9.6
886,Control,"Biography, Drama, Music            ",2007,122,7.7,78.0,59691,0.87
887,Lilya 4-Ever,"Crime, Drama            ",2002,109,7.8,82.0,41158,0.18
888,Secrets & Lies,"Comedy, Drama            ",1996,136,8.0,91.0,35245,13.42
889,The Girl Who Leapt Through Time,"Animation, Adventure, Comedy            ",2006,98,7.8,77.51137724550898,56668,69.04371293001178
890,Out of the Past,"Crime, Drama, Film-Noir            ",1947,97,8.0,77.51137724550898,30787,69.04371293001178
891,Baby,"Action, Thriller            ",2015,159,8.0,77.51137724550898,50446,69.04371293001178
892,The Return,Drama            ,2003,110,8.0,82.0,40273,0.5
893,Queen,"Comedy, Drama            ",2013,146,8.2,77.51137724550898,57604,1.43
894,"4 Months, 3 Weeks and 2 Days",Drama            ,2007,113,7.9,97.0,54331,1.19
895,Love Me If You Dare,"Comedy, Drama, Romance            ",2003,93,7.6,45.0,65479,0.55
896,Dil Chahta Hai,"Comedy, Drama, Romance            ",2001,183,8.1,77.51137724550898,63693,0.3
897,Philomena,"Biography, Comedy, Drama            ",2013,98,7.6,77.0,91352,37.71
898,Sanjuro,"Action, Comedy, Crime            ",1962,96,8.1,77.51137724550898,30091,69.04371293001178
899,Nights of Cabiria,Drama            ,1957,110,8.1,77.51137724550898,40737,0.75
900,The General,"Action, Adventure, Comedy            ",1926,67,8.1,77.51137724550898,76169,1.03
901,The Passion of Joan of Arc,"Biography, Drama, History            ",1928,114,8.1,77.51137724550898,43890,0.02
902,White Heat,"Action, Crime, Drama            ",1949,114,8.1,77.51137724550898,28070,69.04371293001178
903,Baahubali 2: The Conclusion,"Action, Drama            ",2017,167,8.2,77.51137724550898,70127,20.19
904,Fearless,"Action, Biography, Drama            ",2006,104,7.6,70.0,71260,24.63
905,Death Note,"Crime, Drama, Fantasy            ",2006,126,7.7,77.51137724550898,27765,69.04371293001178
906,Invasion of the Body Snatchers,"Drama, Horror, Sci-Fi            ",1956,80,7.7,92.0,42909,69.04371293001178
907,Munna Bhai M.B.B.S.,"Comedy, Drama, Musical            ",2003,156,8.1,77.51137724550898,69343,69.04371293001178
908,The Battle of Algiers,"Drama, War            ",1966,121,8.1,96.0,49591,0.06
909,The Bride of Frankenstein,"Drama, Horror, Sci-Fi            ",1935,75,7.8,77.51137724550898,41240,4.36
910,Shine,"Biography, Drama, Music            ",1996,105,7.7,87.0,49863,35.81
911,The World's Fastest Indian,"Biography, Drama, Sport            ",2005,127,7.8,68.0,50450,5.13
912,Haider,"Action, Crime, Drama            ",2014,160,8.1,77.51137724550898,47804,0.9
913,The Odd Couple,Comedy            ,1968,105,7.7,86.0,30259,44.53
914,Persepolis,"Animation, Biography, Drama            ",2007,96,8.0,90.0,85346,4.45
915,Il Postino,"Biography, Comedy, Drama            ",1994,108,7.7,81.0,32002,21.85
916,Vivre Sa Vie,Drama            ,1962,85,8.0,77.51137724550898,25441,69.04371293001178
917,Batman: Mask of the Phantasm,"Animation, Action, Crime            ",1993,76,7.8,77.51137724550898,40676,5.62
918,Diabolique,"Crime, Drama, Horror            ",1955,117,8.0,77.51137724550898,59183,69.04371293001178
919,No Man's Land,"Comedy, Drama, War            ",2001,98,7.9,84.0,43289,1.06
920,The Thin Man,"Comedy, Crime, Mystery            ",1934,91,8.0,77.51137724550898,25226,69.04371293001178
921,Barfi!,"Comedy, Drama, Romance            ",2012,151,8.1,77.51137724550898,72007,2.8
922,Black,Drama            ,2005,122,8.2,77.51137724550898,32203,0.73
923,Inherit the Wind,"Biography, Drama, History            ",1960,128,8.1,75.0,25983,69.04371293001178
924,A Hard Day's Night,"Comedy, Music, Musical            ",1964,87,7.6,96.0,38422,13.78
925,La Strada,Drama            ,1954,108,8.0,77.51137724550898,55494,69.04371293001178
926,The Purple Rose of Cairo,"Comedy, Fantasy, Romance            ",1985,82,7.7,75.0,45049,10.63
927,The Past,"Drama, Mystery            ",2013,130,7.8,85.0,42956,1.33
928,Bringing Up Baby,"Comedy, Family, Romance            ",1938,102,7.9,91.0,52775,69.04371293001178
929,Knockin' on Heaven's Door,"Action, Crime, Comedy            ",1997,87,8.0,77.51137724550898,26357,0.0
930,Raise the Red Lantern,"Drama, History, Romance            ",1991,125,8.1,77.51137724550898,27785,2.6
931,Cowboy Bebop: The Movie,"Animation, Action, Crime            ",2001,115,7.9,61.0,41071,1.0
932,Harvey,"Comedy, Drama, Fantasy            ",1950,104,7.9,77.51137724550898,51321,69.04371293001178
933,Hard Boiled,"Action, Crime, Thriller            ",1992,128,7.8,77.51137724550898,45037,69.04371293001178
934,Chak de! India,"Drama, Family, Sport            ",2007,153,8.2,68.0,69983,1.11
935,Arsenic and Old Lace,"Comedy, Crime, Thriller            ",1944,118,8.0,77.51137724550898,63307,69.04371293001178
936,Sweet Smell of Success,"Drama, Film-Noir            ",1957,96,8.1,100.0,26165,69.04371293001178
937,Jules and Jim,"Drama, Romance            ",1962,105,7.8,77.51137724550898,35385,69.04371293001178
938,Sunrise,"Drama, Romance            ",1927,94,8.1,77.51137724550898,45211,0.54
939,The Ladykillers,"Comedy, Crime            ",1955,91,7.7,91.0,25078,69.04371293001178
940,Nine Queens,"Crime, Drama, Thriller            ",2000,114,7.9,80.0,47736,1.22
941,In a Better World,"Drama, Romance            ",2010,118,7.6,65.0,37473,1.01
942,The Chorus,"Drama, Music            ",2004,97,7.9,56.0,55000,3.64
943,Duck Soup,"Comedy, Musical, War            ",1933,69,7.8,93.0,53872,69.04371293001178
944,Departures,"Drama, Music            ",2008,130,8.1,68.0,46684,1.5
945,In America,Drama            ,2002,105,7.7,76.0,39672,15.54
946,Battleship Potemkin,"Drama, History, Thriller            ",1925,66,8.0,77.51137724550898,50527,0.05
947,Veer-Zaara,"Drama, Family, Musical            ",2004,192,7.8,67.0,46781,2.92
948,G.O.R.A.,"Adventure, Comedy, Sci-Fi            ",2004,127,8.0,77.51137724550898,53323,69.04371293001178
949,Airlift,"Drama, History            ",2016,130,8.0,77.51137724550898,50576,69.04371293001178
950,Au Revoir les Enfants,"Drama, War            ",1987,104,8.0,77.51137724550898,29456,4.54
951,After the Wedding,Drama            ,2006,120,7.7,78.0,30679,0.41
952,Evil,Drama            ,2003,113,7.8,61.0,34615,0.02
953,The Triplets of Belleville,"Animation, Comedy, Drama            ",2003,80,7.8,91.0,49310,7.0
954,Elite Squad: The Enemy Within,"Action, Crime, Drama            ",2010,115,8.0,71.0,77061,0.1
955,Hiroshima Mon Amour,"Drama, Romance            ",1959,90,7.9,77.51137724550898,26455,0.09
956,Tangerines,"Drama, War            ",2013,87,8.2,73.0,35712,0.14
957,The Virgin Spring,Drama            ,1960,89,8.1,77.51137724550898,25110,1.53
958,Interstate 60: Episodes of the Road,"Adventure, Comedy, Drama            ",2002,116,7.7,77.51137724550898,28741,69.04371293001178
959,Paan Singh Tomar,"Action, Biography, Crime            ",2012,135,8.2,77.51137724550898,30548,0.04
960,Dev.D,"Comedy, Drama, Romance            ",2009,144,8.0,77.51137724550898,27308,0.01
961,Everyone Has Their Own Style,"Action, Comedy, Family            ",1994,160,8.2,77.51137724550898,47221,69.04371293001178
962,Tae Guk Gi: The Brotherhood of War,"Action, Drama, War            ",2004,140,8.1,64.0,36758,1.11
963,The Killer,"Action, Crime, Drama            ",1989,111,7.8,82.0,44339,69.04371293001178
964,The Visitor,Drama            ,2007,104,7.6,79.0,40811,9.42
965,Lifeboat,"Drama, War            ",1944,97,7.7,78.0,25299,69.04371293001178
966,The Lost Weekend,"Drama, Film-Noir            ",1945,101,7.9,77.51137724550898,31993,9.46
967,The Rules of the Game,"Comedy, Drama            ",1939,110,8.0,77.51137724550898,25396,69.04371293001178
968,Special 26,"Crime, Drama, Thriller            ",2013,144,8.0,77.51137724550898,47889,1.08
969,Adam's Apples,"Comedy, Crime, Drama            ",2005,94,7.8,51.0,43632,0.0
970,Jab We Met,"Comedy, Drama, Romance            ",2007,138,7.9,77.51137724550898,44778,0.41
971,Fireworks,"Crime, Drama, Romance            ",1997,103,7.8,77.51137724550898,26111,0.23
972,Kind Hearts and Coronets,"Comedy, Crime            ",1949,106,8.0,77.51137724550898,33173,69.04371293001178
973,Brief Encounter,"Drama, Romance            ",1945,86,8.0,77.51137724550898,33470,69.04371293001178
974,The Magdalene Sisters,Drama            ,2002,114,7.7,83.0,25251,4.89
975,Sherlock Jr.,"Action, Comedy, Romance            ",1924,45,8.2,77.51137724550898,37273,0.98
976,The Secret of Kells,"Animation, Adventure, Family            ",2009,75,7.6,81.0,29734,0.69
977,Tokyo Godfathers,"Animation, Adventure, Comedy            ",2003,92,7.8,73.0,28642,0.13
978,Central Station,Drama            ,1998,110,8.0,80.0,34347,5.6
979,La Grande Illusion,"Drama, War            ",1937,113,8.1,77.51137724550898,32353,0.17
980,Vicky Donor,"Comedy, Romance            ",2012,126,7.8,77.51137724550898,37519,0.17
981,Miracle on 34th Street,"Comedy, Drama, Family            ",1947,96,7.9,88.0,38649,2.65
982,OMG: Oh My God!,"Comedy, Drama, Fantasy            ",2012,125,8.1,77.51137724550898,47735,0.92
983,The Edge of Heaven,Drama            ,2007,122,7.8,85.0,29752,0.74
984,Le Dîner de Cons,Comedy            ,1998,80,7.7,73.0,35785,4.07
985,Drishyam,"Crime, Drama, Thriller            ",2013,160,8.4,77.51137724550898,28709,69.04371293001178
986,Joyeux Noel,"Drama, History, Music            ",2005,116,7.7,70.0,26757,1.05
987,Zelig,Comedy            ,1983,79,7.7,77.51137724550898,38472,11.8
988,Vampire Hunter D: Bloodlust,"Animation, Action, Fantasy            ",2000,103,7.7,62.0,27972,0.15
989,English Vinglish,"Comedy, Drama, Family            ",2012,134,7.8,77.51137724550898,31818,1.67
990,The Muppet Christmas Carol,"Comedy, Drama, Family            ",1992,85,7.7,64.0,45835,27.28
991,"Carry On, Munna Bhai","Comedy, Drama, Romance            ",2006,144,8.1,77.51137724550898,40632,2.22
992,A Night at the Opera,"Comedy, Music, Musical            ",1935,96,7.9,77.51137724550898,29507,69.04371293001178
993,Udaan,Drama            ,2010,134,8.1,77.51137724550898,40384,0.01
994,C.R.A.Z.Y.,"Comedy, Drama            ",2005,127,7.9,81.0,30784,69.04371293001178
995,The Shop Around the Corner,"Comedy, Drama, Romance            ",1940,99,8.1,96.0,26038,0.2
996,Vizontele,"Comedy, Drama            ",2001,110,8.0,77.51137724550898,31025,69.04371293001178
997,Boy A,Drama            ,2007,102,7.6,75.0,36185,0.11
998,And Now for Something Completely Different,Comedy            ,1971,88,7.6,77.51137724550898,28037,69.04371293001178
999,The Breath,"Action, Drama, Thriller            ",2009,128,8.0,77.51137724550898,30650,69.04371293001178
